Comando,NomeCat,IDProduto,CodProd,NomeProd,Peso,Descricao,DescrLonga,DescrURL,URLTarget,Estoque,EstoqueMinimo,Disponivel,ICMS,Custo,Preco,PrecoProm,PrecoB2B,PrecoB2BProm,DataPromInicio,DataPromFim,Lancamento,EmDestaque,ImagemProd,ImagemDet,ImagemAmp,Adicional1,Adicional2,Adicional3,AdicionalD1,AdicionalD2,AdicionalD3,Cores,OrdemProd,IDProdutoPai,RamoProd,MaisProd,DataVencimento,DiasAvisoVencimento,DiasReposicao,IDParceiroProd,DescrHTM,MetaKeywordsProd,MaxParcelasProd,XMLParcelasProd,CodBarrasProd,Embalavel,IsProdutoGrande,LarguraProd,AlturaProd,ProfundidadeProd,CodVideo,ProdMPN
"A","Acessórios",187347,"AC00004","Filtro ""polarizadorplic""'plic -25CPK",0,"Filtro ""polarizador"" para algumas filmadoras handycam mini-dv e dvd.","Filtro polarizador para algumas filmadoras handycam mini-dv e dvd.","",False,9878,0,True,0,0,796,0,0,0,,,True,False,"AC00004_M.jpg","AC00004_G.jpg","AC00004_G.jpg","","","","","","","",0,,,"câmera",,0,0,,"","",0,10,"",True,False,0,0,0,"",""
"A","Acessórios",187321,"AC00001","Marine Pack MPK-WB",0.1,"O Marine Pack modelo MPK-WB é uma caixa estanque feita em plástico resistente com profundidade máxima garantida de 40m e que permite acesso aos comandos da câmera.","O Marine Pack modelo MPK-WB é uma caixa estanque feita em plástico resistente com profundidade máxima garantida de 40m e que permite acesso aos comandos da câmera.","",False,8984,0,True,0,0,2796,0,0,0,,,False,False,"AC00001_M.jpg","AC00001_G.jpg","AC00001_G.jpg","3391",,,"","","",,0,,0,"câmera",,0,0,,"","",0,10,,True,False,0,0,0,"",""
"A","Acessórios",187320,"AC00002","Sport Pack SPK-WA",0.1,"Sport Pack para câmeras Cyber-shot Série W com a DSC-W30, DSC-W70, entre outras.","Sport Pack para câmeras Cyber-shot Série W com a DSC-W30, DSC-W70, entre outras.","",False,1453,0,True,0,0,1396,0,0,0,,,False,True,"AC00002_M.jpg","AC00002_G.jpg","AC00002_G.jpg","3391",,,"","","",,0,,0,"câmera",,0,0,,"","",0,10,,True,False,0,0,0,"",""
"A","Acessórios",187317,"AC00003","Tripé básico VCT-MTK",0.2,"Não compatível com filmadoras. A Sony desenvolveu um tripé básico para aquelas ocasiões onde você se deseja fotografar com mais estabilidade, ou em viagens, onde não tem ninguém para ajudar.","Não compatível com filmadoras. A Sony desenvolveu um tripé básico para aquelas ocasiões onde você se deseja fotografar com mais estabilidade, ou em viagens, onde não tem ninguém para ajudar.","",False,988,0,True,0,0,396,0,0,0,,,False,False,"AC00003_M.jpg","AC00003_G.jpg","AC00003_G.jpg","3391",,,"","","",,0,,0,"câmera",,0,0,,"","",0,10,,True,False,0,0,0,"",""
"A","Acima de 8 Megapixels",187307,"DC00007","Câmera Digital 8.1MP DSC-W150",0.2,"Compacta e equipada com as tecnologias Smile Shutter e Face Detection, a câmera DSC-W150 oferece 8.1MP para você tirar fotos de tirar o fôlego e guardar impressas em álbuns tradicionalmente.","Compacta e equipada com as tecnologias Smile Shutter e Face Detection, a câmera DSC-W150 oferece 8.1MP para você tirar fotos de tirar o fôlego e guardar impressas em álbuns tradicionalmente.

<script>FlashSemBorda('http://www.youtube.com/v/VQ5vh7agxJ4&color1=0x005B8E&color2=0x33739C&border=1&rel=0',425,350,'white','');</script><br><br><br><script>FlashSemBorda('http://www.youtube.com/v/e-ZXF3Hs3nQ&color1=0x005B8E&color2=0x33739C&border=1&rel=0',425,350,'white','');</script>","",False,9987,0,True,0,0,3996,0,0,0,,,True,False,"DC00007_M.jpg","DC00007_G.jpg","DC00007_G.jpg","3391",,,"","","",,0,,0,"câmera",,0,0,,"","",0,10,,True,False,0,0,0,"",""
"A","Acima de 8 Megapixels",187306,"DC00008","Câmera Digital 9.1MP DSC-H50",0.3,"Usufrua de 9.1 megapixels, zoom óptico de 15x, zoom digital de 30x e as tecnologias Face Detection e Smile Shutter com a inovadora Cyber-shot DSC-H50.","Usufrua de 9.1 megapixels, zoom óptico de 15x, zoom digital de 30x e as tecnologias Face Detection e Smile Shutter com a inovadora Cyber-shot DSC-H50.","",False,9986,0,True,0,0,7996,0,0,0,,,False,False,"DC00008_M.jpg","DC00008_G.jpg","DC00008_G.jpg","3391",,,"","","",,0,,0,"câmera",,0,0,,"","",0,10,,True,False,0,0,0,"",""
"A","Administração",187341,"LVR0001","Casais Inteligentes Enriquecem Juntos",0,"Um dos maiores detonadores de brigas entre o casal são as dificuldades financeiras. Faltou dinheiro para pagar as contas? A culpa recai sobre o parceiro esbanjador.","Um dos maiores detonadores de brigas entre o casal são as dificuldades financeiras. Faltou dinheiro para pagar as contas? A culpa recai sobre o parceiro esbanjador, que não quer nem saber se havia saldo no banco na hora de fazer alguma compra. 
Sobrou dinheiro no fim do mês? Em vez de comemorar, o casal pode arranjar mais um motivo de discussão sobre como investir ou gastar aquela quantia.

Para Gustavo Cerbasi, a causa desses desentendimentos é a falta de conversa em família sobre dinheiro. Em geral o casal só fala sobre o assunto quando a bomba já estourou. E, como não discute a questão a dois, a maioria não faz um orçamento, não guarda dinheiro para atingir suas metas (ou, pior ainda, cada um tem seu objetivo, que o outro não conhece), não tem planos para a manutenção de seu padrão de vida no futuro, toma decisões de compra sem refletir, investe mal o dinheiro que eles suaram tanto para ganhar... 

Tem jeito? Sim, é possível mudar esse quadro se houver vontade e compromisso do casal.","",False,0,0,True,0,0,59.8,0,0,0,,,True,True,"LVR0001P.jpg","LVR0001G.jpg","LVR0001G.jpg","","","","","","","",0,,,"livro",,0,0,,"","",0,0,"",True,False,0,0,0,"",""
"A","Administração",187295,"AD00004","Como Motivar a Sua Equipe",500,"Pense nos executivos que mais influenciaram sua carreira. Eles foram bem-sucedidos porque perceberam que sua própria carreira e o sucesso da empresa a longo prazo dependiam da eficiência da equipe.","Pense nos executivos que mais influenciaram sua carreira. Eles foram bem-sucedidos porque perceberam que sua própria carreira e o sucesso da empresa a longo prazo dependiam da eficiência da equipe.","",False,9991,0,True,0,0,100,0,0,0,,,False,False,"AD00004_M.jpg","AD00004_G.jpg","AD00004_G.jpg","3414","","","","","","",0,,,"livro",,0,0,,"","",0,10,"",True,False,0,0,0,"",""
"A","Administração",187287,"AD00001","Investimentos Inteligentes",0.5,"Todos já sonhamos em conquistar nosso primeiro milhão de reais. Trata-se de uma cifra mágica que representa a tão desejada independência financeira.","Todos já sonhamos em conquistar nosso primeiro milhão de reais. Trata-se de uma cifra mágica que representa a tão desejada independência financeira.","",False,9984,0,True,0,0,90.4,0,0,0,,,False,False,"AD00001_M.jpg","AD00001_G.jpg","AD00001_G.jpg","3413",,,"","","",,0,,0,"livro",,0,0,,"","",0,10,,True,False,0,0,0,"",""
"A","Administração",187286,"AD00002","Pai Rico Pai Pobre",0.5,"O objetivo deste livro é o de partilhar percepções quanto à maneira como uma maior inteligência financeira pode ser empregada para resolver muitos dos problemas comuns da vida.","O objetivo deste livro é o de partilhar percepções quanto à maneira como uma maior inteligência financeira pode ser empregada para resolver muitos dos problemas comuns da vida.","",False,9987,0,True,0,0,175.6,119.6,0,0,01/01/2008,01/01/2018,False,False,"AD00002_M.jpg","AD00002_G.jpg","AD00002_G.jpg","3414",,,"","","",,0,,0,"livro",,0,0,,"","",0,10,,True,False,0,0,0,"",""
"A","Administração",187285,"AD00003","Segredos da Mente Milionária, Os",0.5,"A idéia é fazer o seu dinheiro trabalhar para você tanto quanto você trabalha para ele. Para isso, é necessário poupar e investir em vez de gastar.","A idéia é fazer o seu dinheiro trabalhar para você tanto quanto você trabalha para ele. Para isso, é necessário poupar e investir em vez de gastar.","",False,985,0,True,0,0,198,0,0,0,,,False,False,"AD00003_M.jpg","AD00003_G.jpg","AD00003_G.jpg","3413",,,"","","",,0,,,"livro",,0,0,,"","",0,10,,True,False,0,0,0,"",""
"A","Artes",187279,"AT00003","Almanaque da Jovem Guarda",0.5,"""Assim foi que Bethânia me chamou a atenção para o programa de Roberto Carlos na TV"". A conhecida declaração de Caetano Veloso leva a uma reflexão.","""Assim foi que Bethânia me chamou a atenção para o programa de Roberto Carlos na TV"". A conhecida declaração de Caetano Veloso leva a uma reflexão.","",False,99,0,True,0,0,199.6,0,0,0,,,False,False,"AT00003_M.jpg","AT00003_G.jpg","AT00003_G.jpg","3413",,,"","","",,0,,0,"livro",,0,0,,"","",0,10,,True,False,0,0,0,"",""
"A","Artes",187278,"AT00004","Música Caipira",1,"A música caipira tem a cara do Brasil. A um só tempo alegre e triste, maliciosa e ingênua, respeitosa e irreverente, é uma das mais ricas expressões de nossa canção popular.","A música caipira tem a cara do Brasil. A um só tempo alegre e triste, maliciosa e ingênua, respeitosa e irreverente, é uma das mais ricas expressões de nossa canção popular.","",False,0,0,True,0,0,128,0,0,0,,,False,False,"AT00004_M.jpg","AT00004_G.jpg","AT00004_G.jpg","3414","","","","","","",0,,,"livro",,0,0,,"","",0,10,"",True,False,0,0,0,"",""
"A","Artes",187277,"AT00001","Música Erudita da Idade Média",0.5,"Os Periodos Musicais
Os Gêneros Musicais
A Orquestra, os Instrumentos e as vozes
Os Grandes Compositores e suas Obras
As Grandes Óperas
Os Grandes Intérpretes","Os Periodos Musicais
Os Gêneros Musicais
A Orquestra, os Instrumentos e as vozes
Os Grandes Compositores e suas Obras
As Grandes Óperas
Os Grandes Intérpretes","",False,9989,0,True,0,0,392,0,0,0,,,False,False,"AT00001_M.jpg","AT00001_G.jpg","AT00001_G.jpg","3413",,,"","","",,0,,0,"livro",,0,0,,"","",0,10,,True,False,0,0,0,"",""
"A","Artes",187276,"AT00002","Renato Russo: o Trovador Solitário",0.5,"Mesmo 10 anos após sua morte, a legião de fãs de Renato Russo vem aumentando. Letras como ""Geração Cola-Cola"", ""Faroeste Caboclo"", ""Índios"" até hoje estão na cabeça de milhões de pessoas.","Mesmo 10 anos após sua morte, a legião de fãs de Renato Russo vem aumentando. Letras como ""Geração Cola-Cola"", ""Faroeste Caboclo"", ""Índios"" até hoje estão na cabeça de milhões de pessoas.","",False,146,0,True,0,0,139.6,0,0,0,,,False,False,"AT00002_M.jpg","AT00002_G.jpg","AT00002_G.jpg","3414",,,"","","",,0,,0,"livro",,0,0,,"","",0,10,,True,False,0,0,0,"",""
"A","Auto-ajuda",187274,"AJ00002","100 Coisas para fazer antes de morrer",0.5,"O livro '100 coisas para fazer (antes de morrer)' ajuda a identificar objetivos de vida e realizar sonhos. A obra traz relatos de pessoas de todas as idades sobre experiências divertidas.","O livro '100 coisas para fazer (antes de morrer)' ajuda a identificar objetivos de vida e realizar sonhos. A obra traz relatos de pessoas de todas as idades sobre experiências divertidas.","",False,9984,0,True,0,0,196,116,0,0,27/01/2012 15:00:00,01/01/2018,True,False,"AJ00002_M.jpg","AJ00002_G.jpg","AJ00002_G.jpg","3413",,,"","","",,0,,,"livro",,0,0,,"","",0,10,,True,False,0,0,0,"",""
"A","Auto-ajuda",187261,"AJ00003","48 Leis do Poder, As",0.5,"O livro mostra como agiram personalidades que estiveram enfronhadas no poder no decorrer da história, além de oferecer 48 estratégias para o leitor atingir as rodas do poder.","O livro mostra como agiram personalidades que estiveram enfronhadas no poder no decorrer da história, além de oferecer 48 estratégias para o leitor atingir as rodas do poder.","",False,9969,0,True,0,0,100,0,0,0,,,False,True,"AJ00003_M.jpg","AJ00003_G.jpg","AJ00003_G.jpg","3414",,,"","","",,0,,,"livro",,0,0,,"","",0,10,,True,False,0,0,0,"",""
"A","Auto-ajuda",187260,"AJ00004","Lição Final, A",0.5,"A lição de amor e vida que mais marcou corações em todo o mundo no ano de 2007.

Informado por seu médico que teria apenas 6 meses de vida por causa de um câncer.","A lição de amor e vida que mais marcou corações em todo o mundo no ano de 2007.

Informado por seu médico que teria apenas 6 meses de vida por causa de um câncer.","",False,4776,0,True,0,0,159.96,0,0,0,,,False,False,"AJ00004_M.jpg","AJ00004_G.jpg","AJ00004_G.jpg","3414",,,"","","",,0,,0,"Balança",,0,0,,"","",0,10,,True,False,0,0,0,"",""
"A","Balanças",187259,"BL00004-0956","Balança Digital p/ Banheiro Body Controle Tx. Gordura 150kg",1,"Moderna e elegante, a balança digital Body Dayhome tem medição de taxa de gordura e hidratação corporal.","Moderna e elegante, a balança digital Body Dayhome tem medição de taxa de gordura e hidratação corporal. 
Tem ainda memória para 8 pessoas: possibilita que toda a família utilize o mesmo equipamento e controle seu peso sem dificuldades.","",False,89,0,True,0,0,0,0,0,0,,,False,True,"BL00003_M.jpg","BL00003_G.jpg","BL00003_G.jpg","3434","","","","","","",0,,82,"Balança",,0,0,,"","XXYYZZ",0,10,,True,False,0,0,0,"",""
"A","Balanças",187258,"BL00006","Balança Digital para Banheiro ED309",0.5,"Balança digital com uso indicado para pessoas até 120kg. Ideal para banheiro.","Balança digital com uso indicado para pessoas até 120kg. Ideal para banheiro.","",False,7,0,True,0,0,359.6,279.6,0,0,01/01/2001,10/10/2010,True,False,"BL00006_M.jpg","BL00006_G.jpg","BL00006_G.jpg","3432",,,"","","",,0,,977,"Balança",,0,0,,"","",0,10,,True,False,0,0,0,"",""
"A","Balanças",187250,"BL00005","Balança Digital Virgo",0.5,"Balança Digital Virgo, alinha praticidade, precisão e lindo design. Acompanha bateria de Lithium, acionamento e desligamento automático.","Balança Digital Virgo, alinha praticidade, precisão e lindo design. Acompanha bateria de Lithium, acionamento e desligamento automático.","",False,1109,0,True,0,0,431.6,0,0,0,01/01/2001,10/10/2010,False,False,"BL00005_M.jpg","BL00005_G.jpg","BL00005_G.jpg","3433",,,"","","",,0,,977,"Balança",,0,0,,"","",0,10,,True,False,0,0,0,"",""
"A","Balanças",187249,"BL00001","Balança Ice c/ Medidor de Gordura, Líquido, Músculo e Osso",1,"Com o monitoramento do seu peso, taxa de gordura, taxa de líquido, massa muscular e massa óssea, você poderá ter um retrato diário da evolução do peso em seu corpo.","Com o monitoramento do seu peso, taxa de gordura, taxa de líquido, massa muscular e massa óssea, você poderá ter um retrato diário da evolução do peso em seu corpo. Saberá se o resultado de sua atividade física esta realmente alterando sua massa muscular, se a sua dieta esta reduzindo sua taxa de gordura e se você tem se mantido hidratado. Todos estes dados são importantes para uma manutenção de sua saúde, dietas sem redução da taxa de gordura, manutenção da taxa de líquido e músculo ou aumento deste, podem ser prejudiciais ao seu organismo, podem estar, por exemplo, gerando somente uma perda de líquido. Porém, com essa balança você poderá monitorar por completo todo esse processo.

Além disso, ela vem equipada com o ModoFit, são cinco categorias de condição física em que você se encontra para que a aferição das taxas sejam mais precisas.","",False,0,0,True,0,0,796,519.6,0,0,01/01/2001,10/10/2010,True,True,"BL00001_M.jpg","BL00001_G.jpg","BL00001_G.jpg","3436","","","","","","",0,,82,"Balanças",,0,0,,"","",0,10,"",True,False,0,0,0,"",""
"A","Balanças",187248,"BL00004","Balança Lupa - Cinza - Plenna",0.5,"Esta balança mecânica ajuda a controlar melhor seu peso, trazendo assim uma melhor qualidade de vida. Qualidade e precisão Plenna!","Esta balança mecânica ajuda a controlar melhor seu peso, trazendo assim uma melhor qualidade de vida. Qualidade e precisão Plenna!","",False,442,0,True,0,0,143.6,0,0,0,,,False,False,"BL00004_M.jpg","BL00004_G.jpg","BL00004_G.jpg","3436",,,"","","",,0,,977,"Balança",,0,0,,"","",0,10,,True,False,0,0,0,"",""
"A","Balanças",187239,"BL00002","Balança Pessoal Digital Glass 3 Control G-Tech",0.5,"Balança digital com alta sensibilidade capacidade para 180 kg e divisão de 50g.permitindo um controle mais apurado do seu peso.","Balança digital com alta sensibilidade capacidade para 180 kg e divisão de 50g.permitindo um controle mais apurado do seu peso. Para visor de fácil visualização zero automático, indicadores de excesso de peso e de bateria fraca, ampla plataforma quadrada de vidro temperado de 8 mm. Alimentação: 1 bateria de lítio cr 2032 (3v).","",False,0,0,True,0,0,396,359.6,0,0,01/01/2001,10/10/2010,False,True,"BL00002_M.jpg","BL00002_G.jpg","BL00002_G.jpg","3435",,,"","","",,0,,977,"Balanças",,0,0,,"","",0,10,,True,False,0,0,0,"",""
"A","Barbeadores",187240,"BB00001","Barbeador Elétrico HQ 6920/16 Bivolt",0.5,"Barbear rente e conveniente. Ajusta-se a cada curva do rosto. Sistema levanta e corta, barbear rente e confortável. Sem fio..","Barbear rente e conveniente. Ajusta-se a cada curva do rosto. Sistema levanta e corta, barbear rente e confortável. Sem fio.   Recarregável - 8 h de carga para 10 dias de barbear( considerando uma utilização diaria de 3 min).","",False,16,0,True,0,0,796,516,0,0,01/01/2001,10/10/2010,True,False,"BB00001_M.jpg","BB00001_G.jpg","BB00001_G.jpg","3431",,,"","","",,0,,887,"barbeador",,0,0,,"","",0,10,,True,False,0,0,0,"",""
"A","Barbeadores",187241,"BB00002","Barbeador Elétrico HQ 6990 Bivolt",1,"Barbear rente e conveniente. Aparador de costeletas. Sistema Auto-contorno, (ajusta-se a cada curva do rosto e pescoço). Sistema levanta e corta, (barbear rente e confortável).","Barbear rente e conveniente. Aparador de costeletas. <br>Sistema Auto-contorno, (ajusta-se a cada curva do rosto e pescoço).<br>Sistema levanta e corta, (barbear rente e confortável). <br>Bivolt - recarregável - 1h de carga para 10 dias de barbear considerando uma utilização diária de 3 min. Sem fio. Fácil de segurar para um ótimo manuseio.","",False,1448,0,True,0,0,916,796,0,0,01/01/2001,10/10/2010,False,False,"BB00002_M.jpg","BB00002_G.jpg","BB00002_G.jpg","3431","","","","","","",0,,82,"barbeador",,0,0,,"","",0,10,"",True,False,0,0,0,"",""
"A","Barbeadores",187242,"BB00004","Barbeador Recarregável Wet/Dry c/ Três Lâminas",0.5,"O barbeador Panasonic ES7035 trabalha com três lâminas paralelasque trabalham a 10.000 RPM, proporcionando um barbear muito mais rente e suave.","O barbeador Panasonic ES7035 trabalha com três lâminas paralelasque trabalham a 10.000 RPM, proporcionando um barbear muito mais rente e suave. Sua cabeça móvel acompanha os contornos do seu rosto melhorarndo ainda mais a eficacia do produto.Além disso, ele também pode ser usado embaixo do chuveiro ou mesmo com espuma de barba, aumentando ainda mais o seu conforto e diminuindo a irritação da pele. Ele possui também um trimmer para costeletas e bigode. O produto acompanha carregador de bateria, bolsa para transporte e escova para limpeza.","",False,399,0,True,0,0,1836,1596,0,0,01/01/2001,10/10/2010,False,False,"BB00004_M.jpg","BB00004_G.jpg","BB00004_G.jpg","3429",,,"","","",,0,,887,"barbeador",,0,0,,"","",0,10,,True,False,0,0,0,"",""
"A","Barbeadores",187243,"BB00003","Kit Aparador de Pêlos Faciais Masculino PG-250",0.5,"Kit aparador de pêlos faciais masculino ( 6 X 1 ) de <b>Titanium</b>  tecnologia de corte revolucionário,  recarregável, lâminas nunca precisam de lubrificação, para todo o tipo de pele.","Kit aparador de pêlos faciais masculino ( 6 X 1 ) de <b>Titanium</b>  tecnologia de corte revolucionário,  recarregável, lâminas nunca precisam de lubrificação, para todo o tipo de pele.","",False,1458,0,True,0,0,556,0,0,0,,,False,False,"BB00003_M.jpg","BB00003_G.jpg","BB00003_G.jpg","3430",,,"","","",,0,,887,"barbeador",,0,0,,"","",0,10,,True,False,0,0,0,"",""
"A","Baterias e Carregadores",187244,"PR00002","Carregador de Pilhas SCB4050 c/ 4 Pilhas AA",0.05,"Deixe suas pilhas sempre prontas para serem utilizadas!
Ideal para viagens, este carregador é ultracompacto e inclui dois transformadores adicionais que pode recarregar pilhas AA e AAA.","Deixe suas pilhas sempre prontas para serem utilizadas!
Ideal para viagens, este carregador é ultracompacto e inclui dois transformadores adicionais que pode recarregar pilhas AA e AAA.","",False,9986,0,True,0,0,559.6,0,0,0,,,True,False,"PR00002_M.jpg","PR00002_G.jpg","PR00002_G.jpg","3431",,,"","","",,0,,0,"câmera",,0,0,,"","",0,10,,True,False,0,0,0,"",""
"A","Baterias e Carregadores",187245,"PR00004","Carregador Digital Ultra-Rápido EM-BC99FAA",0.1,"O Carregador super rápido EM-BC99FAA possui quatro funções de segurança que protegem o aparelho contra curto circuito e monitoram a voltagem adaptando automaticamente 110-220V.","O Carregador super rápido EM-BC99FAA possui quatro funções de segurança que protegem o aparelho contra curto circuito e monitoram a voltagem adaptando automaticamente 110-220V.","",False,988,0,True,0,0,239.6,0,0,0,,,False,False,"PR00004_M.jpg","PR00004_G.jpg","PR00004_G.jpg","3412",,,"","","",,0,,0,"câmera",,0,0,,"","",0,10,,True,False,0,0,0,"",""
"A","Baterias e Carregadores",187246,"PR00001","Pilhas Recarregáveis AA 2500mAh",0.05,"As pilhas ECO-MANIA, podem ser utilizadas em qualquer aparelho que utilize pilhas AA alcalinas. Podem ser recarregadas até 500 vezes.","As pilhas ECO-MANIA, podem ser utilizadas em qualquer aparelho que utilize pilhas AA alcalinas. Podem ser recarregadas até 500 vezes.","",False,9985,0,True,0,0,124,0,0,0,,,False,False,"PR00001_M.jpg","PR00001_G.jpg","PR00001_G.jpg","3412",,,"","","",,0,,0,"câmera",,0,0,,"","",0,10,,True,False,0,0,0,"",""
"A","Baterias e Carregadores",187247,"PR00003","Pilhas Recarregáveis AAA Ni-MH 900mAh c/ 4 unidades",0.05,"A Tecnologia NiMH (Níquel-Metal Hídrico) permite recarregar várias vezes e torna a substituição das pilhas quase desnecessária.","A Tecnologia NiMH (Níquel-Metal Hídrico) permite recarregar várias vezes e torna a substituição das pilhas quase desnecessária.","",False,887,0,True,0,0,179.6,0,0,0,,,False,False,"PR00003_M.jpg","PR00003_G.jpg","PR00003_G.jpg","3431",,,"","","",,0,,0,"câmera",,0,0,,"","",0,10,,True,False,0,0,0,"",""
"A","Bonecas",187362,"BR0001","Barbie Collector 2011 Holiday Doll",0,"Celebrate the holiday season in style with the Barbie Collector 2011 Holiday Doll. Dressed in an opulent emerald gown featuring elegant gold embroidery...","Celebrate the holiday season in style with the Barbie Collector 2011 Holiday Doll. Dressed in an opulent emerald gown featuring elegant gold embroidery, Barbie is ready for holiday balls and festivities. Ideal for the adult collector, but suitable for children six and up, this special-occasion Barbie's fabulous dress and accessories will give your collection a festive touch.","",False,1445,0,True,0,0,660,0,0,0,,,False,False,"Barbie1M.jpg","Barbie1G.jpg,Barbie2G.jpg","Barbie1G.jpg,Barbie2G.jpg","3440","","3118","","","","",0,,,"",,0,0,,"","",0,0,,True,False,0,0,0,"",""
"A","Cabos e Adaptadores",187322,"CA00001","Cabo Conexão Serial Treo 59897",200,"Cabo serial para conexão e transferência de dados entre o smartphone e o computador. Adequado para computadores que não suportam saída USB (Windows NT e Windows 95).","Cabo serial para conexão e transferência de dados entre o smartphone e o computador. Adequado para computadores que não suportam saída USB (Windows NT e Windows 95). Nononono ononon noononon onononon ononon ono nono nono nono ononon ono nono nono nono ononon ono nono nono nono ononon ono nono nono nono ononon ono nono nono nono ononon ono nono nono nono ononon ono nono nono nono ononon ono nono nono nono ononon ono nono nono nono ononon ono nono nono nono ononon ono nono nono nono ononon ono nono nono nono ononon ono nono nono nono ononon ono nono nono nono ononon ono nono nono nono ononon ono nono nono nono ononon ono nono nono nono ononon ono nono nono nono ononon ono nono nono nono ononon ono nono nono nono ononon ono nono nono nono ononon ono nono nono nono ononon ono nono nono nono ononon ono nono nono nono ononon ono nono nono nono ononon ono nono nono nono ononon ono nono nono nono ononon ono nono nono nono ononon ono nono nono nono ononon ono nono nono nono ononon ono nono nono nono ononon ono.","http://www.apple.com/br/",True,545,0,True,0,0,359.6,319.6,0,0,01/01/2008,01/01/2018,True,True,"CA00001_M.jpg","CA00001_G.jpg","CA00001_G.jpg","3398,3418,3426","1818","3121","Teste 1,Descr 1 teste2","Teste 2","Teste 3","2489,2491",0,,,"câmera",,0,0,,"Teste.htm","",0,10,"3607345215150",True,False,0,0,0,"zhZDGoQPNJM",""
"A","Caixas Acústicas",187323,"CT00001","Sistema de Caixas Acústicas Surround",1,"O sistema de caixas acústicas Companion® 5 pode ser usado em computadores ou tocadores de áudio portáteis. Suas caixas super compactas não ocupam muito espaço na sua mesa de trabalho.","O sistema de caixas acústicas Companion® 5 pode ser usado em computadores ou tocadores de áudio portáteis. Suas caixas super compactas não ocupam muito espaço na sua mesa de trabalho.","",False,9995,0,True,0,0,3996,3596,0,0,01/01/2008,01/01/2018,False,False,"CT00001_M.jpg","CT00001_G.jpg","CT00001_G.jpg","3431",,,"","","",,0,,0,"câmera",,0,0,,"","",0,10,,True,False,0,0,0,"",""
"A","Compact Flash",187331,"CR00003","Cartão de Memória Compact Flash 8GB",0.02,"Esse é o mais popular dos cartões de memória - cartões removíveis e portáteis para armazenar dados.","Esse é o mais popular dos cartões de memória - cartões removíveis e portáteis para armazenar dados.","",False,879,0,True,0,0,1999.6,0,0,0,,,False,False,"CR00003_M.jpg","CR00003_G.jpg","CR00003_G.jpg","3409",,,"","","",,0,,0,"câmera",,0,0,,"","",0,10,,True,False,0,0,0,"",""
"A","Computadores",187262,"CP00002","Computador Top de linha tabajara para teste deproduto na capa XPSTM 730 H2C",1,"Processador Intel® Core™2 Duo E8400 (3.0 GHz, 6 MB L2 cache, 1333 MHz FSB) - BRH8800","Processador Intel® Core™2 Duo E8400 (3.0 GHz, 6 MB L2 cache, 1333 MHz FSB) - BRH8800","",False,9990,0,True,0,0,3790,2790,0,0,01/01/2008,01/01/2018,False,True,"CP00002_M.jpg","CP00002_G.jpg","CP00002_G.jpg","3418","","","","","","",0,,,"desktop",,0,0,,"","",0,10,,True,False,0,0,0,"",""
"A","Computadores",187263,"CP00004","HP Desktop dx7400",0.5,"Small Form Factor 
Processador Intel® Core® 2 Duo 8400 
Memória de 2 GB 
Disco Rídigo de 250 GB 
Gravador de DVD","Small Form Factor 
Processador Intel® Core® 2 Duo 8400 
Memória de 2 GB 
Disco Rídigo de 250 GB 
Gravador de DVD","",False,1248,0,True,0,0,4912,0,0,0,,,False,False,"CP00004_M.jpg","CP00004_G.jpg","CP00004_G.jpg","3389",,,"","","",,0,,0,"desktop",,0,0,,"","",0,10,,True,False,0,0,0,"",""
"A","Computadores",187264,"CP00003","HP Pavilion Elite m9360br",0.5,"Não precisa escolher entre trabalho e entretenimento, o HP Pavilion Elite possui ambos.","Não precisa escolher entre trabalho e entretenimento, o HP Pavilion Elite possui ambos.","",False,1477,0,True,0,0,11996,0,0,0,,,False,False,"CP00003_M.jpg","CP00003_G.jpg","CP00003_G.jpg","3389",,,"","","",,0,,0,"desktop",,0,0,,"","",0,10,,True,False,0,0,0,"",""
"A","Computadores",187266,"DSK0001","iMac Apple c/ Intel Core i5, 4GB, 1TB, FireWire, Thunderbolt, Wi-Fi, Bluetooth, Câmera HD, AMD",0,"O iMac de 21,5 polegadas vem com resolução de 1920 por 1080. Além de contraste de 1000:1, para cores mais vibrantes e pretos bem escuros.","O iMac de 21,5 polegadas vem com resolução de 1920 por 1080. Além de contraste de 1000:1, para cores mais vibrantes e pretos bem escuros. Tudo com uma taxa de aspecto de 16:9, igual a de uma TV de alta definição.
 
Graças à tecnologia IPS (in-plane switching), a tela do novo iMac fica sempre incrível, independentemente de onde você esteja sentado. Com IPS você tem sempre a melhor imagem, com excelente consistência de cores, mesmo lateralmente.
 
Com processadores de quatro núcleos, o novo iMac ficou ainda mais rápido. Mais precisamente, 80% mais rápido que a sua geração anterior.
 
Coloque até 16GB de memória DDR3 e um drive de estado sólido ultra-rápido de 256GB e você ficará com um tudo em um capaz de fazer praticamente tudo.
 
Com os avançados processadores gráficos AMD Radeon HD em todos os modelos, o desempenho do iMac praticamente dobrou, literalmente3. Tudo para que você veja mais quadros por segundo nos jogos em 3D e edite seus vídeos pessoais em HD com mais velocidade e agilidade ainda.","TUhBWdomWUE",False,20,0,True,0,0,11598,11198,0,0,01/01/2001,12/12/2022,True,True,"iMac1_P.jpg","iMac1.jpg,iMac2.jpg","iMac1.jpg,iMac2.jpg","","","","","","","",0,,,"desktop",,0,0,,"","imac, apple, desktop, computador",0,0,,True,False,0,0,0,"",""
"A","Computadores",187265,"CP00001","Studio Hybrid",1,"Seja ecológico sem perder o estilo. Com o Studio Hybrid, é fácil personalizar com seis capas coloridas intercambiáveis ou uma capa feita de bambu.","Seja ecológico sem perder o estilo. Com o Studio Hybrid, é fácil personalizar com seis capas coloridas intercambiáveis ou uma capa feita de bambu.","",False,9996,0,True,0,0,1998,0,0,0,,,True,False,"CP00001_M.jpg","CP00001_G.jpg","CP00001_G.jpg","3392","","","","","","",0,,,"",,0,0,,"","",0,10,,True,False,0,0,0,"",""
"A","De 5 a 5.9 Megapixels",187267,"DC00006","Câmera 5 MP 5028 Prata",0.2,"Registre e guarde os melhores momentos de sua vida com essa câmera da Mitsuca. Super leve e fácil de transportar. Leve-a a qualquer lugar e não deixe de fotografar seus eventos.","Registre e guarde os melhores momentos de sua vida com essa câmera da Mitsuca. Super leve e fácil de transportar. Leve-a a qualquer lugar e não deixe de fotografar seus eventos.","",False,1000,0,True,0,0,1596,0,0,0,,,False,False,"DC00006_M.jpg","DC00006_G.jpg","DC00006_G.jpg","3411",,,"","","",,0,,0,"câmera",,0,0,,"","",0,10,,True,False,0,0,0,"",""
"A","De 5 a 5.9 Megapixels",187268,"DC00005","Câmera Ana Hickmann DS5028BR",0.2,"Registre e guarde os melhores momentos de sua vida com essa câmera da Mitsuca. Super leve e fácil de transportar. Leve-a a qualquer lugar e não deixe de fotografar seus eventos.","Registre e guarde os melhores momentos de sua vida com essa câmera da Mitsuca. Super leve e fácil de transportar. Leve-a a qualquer lugar e não deixe de fotografar seus eventos.","",False,885,0,True,0,0,1196,0,0,0,,,False,False,"DC00005_M.jpg","DC00005_G.jpg","DC00005_G.jpg","3411",,,"","","",,0,,0,"câmera",,0,0,,"","",0,10,,True,False,0,0,0,"",""
"A","De 6 a 6.9 Megapixels",187269,"DC00004","Câmera Digital 6.0MP i6",0.3,"A 1ª câmera digital do mundo com o recurso PMP (MP3 Player e MP4 Player). Possui LCD de 2.5"", 6.0 Megapixels de resolução, funções poderosas de filme e macro de 1 cm.","A 1ª câmera digital do mundo com o recurso PMP (MP3 Player e MP4 Player). Possui LCD de 2.5"", 6.0 Megapixels de resolução, funções poderosas de filme e macro de 1 cm.","",False,1886,0,True,0,0,4396,3196,0,0,01/01/2008,01/01/2018,True,False,"DC00004_M.jpg","DC00004_G.jpg","DC00004_G.jpg","3423",,,"","","",,0,,0,"câmera",,0,0,,"","",0,10,,True,False,0,0,0,"",""
"A","De 6 a 6.9 Megapixels",187270,"DC00003","Câmera Digital Optio E20 6.0MP",0.2,"A câmera digital Optio E20, da Pentax, além de bonita, possui sensor CCD com resolução efetiva de 6.0 Megapixels (2.816x2.112), monitor LCD de 2,4"" de alta definição.","A câmera digital Optio E20, da Pentax, além de bonita, possui sensor CCD com resolução efetiva de 6.0 Megapixels (2.816x2.112), monitor LCD de 2,4"" de alta definição.","",False,879,0,True,0,0,1596,0,0,0,,,False,False,"DC00003_M.jpg","DC00003_G.jpg","DC00003_G.jpg","3410",,,"","","",,0,,0,"câmera",,0,0,,"","",0,10,,True,False,0,0,0,"",""
"A","De 7 a 7.9 Megapixels",187271,"DC00002","Câmera Digital 7.2 MP DSC-W125",0.3,"Câmera compacta e repleta de funções com caixa de alumínio com acabamento preto. Resolução de 7.2 megapixels e lente com zoom óptico 4x e LCD de 2,5 polegadas.","Câmera compacta e repleta de funções com caixa de alumínio com acabamento preto. Resolução de 7.2 megapixels e lente com zoom óptico 4x e LCD de 2,5 polegadas.","",False,8968,0,True,0,0,3196,0,0,0,,,False,True,"DC00002_M.jpg","DC00002_G.jpg","DC00002_G.jpg","3391",,,"","","",,0,,0,"câmera",,0,0,,"","",0,10,,True,False,0,0,0,"",""
"A","De 7 a 7.9 Megapixels",187272,"DC00001","Câmera Digital 7.2MP DSC-S730",0.5,"A Cyber-shot DSC-S730 possui controles fáceis e detalhados. Tem um corpo compacto com resolução de 7.2 megapixels, zoom óptico 3x, LCD de 2,4"" para rever suas fotos com facilidade.","A Cyber-shot DSC-S730 possui controles fáceis e detalhados. Tem um corpo compacto com resolução de 7.2 megapixels, zoom óptico 3x, LCD de 2,4"" para rever suas fotos com facilidade.","",False,2545,0,True,0,0,1996,0,0,0,,,False,False,"DC00001_M.jpg","DC00001_G.jpg","DC00001_G.jpg","3391",,,"","","",,0,,0,"câmera",,0,0,,"","",0,10,,True,False,0,0,0,"",""
"A","DVD Players",187273,"DV00003","DVD Player c/ HDMI e Karaokê",0.3,"O aparelho dos seus sonhos, com qualidade de imagem incrível, super-realista e capacidade de reproduzir praticamente todos os discos!","O aparelho dos seus sonhos, com qualidade de imagem incrível, super-realista e capacidade de reproduzir praticamente todos os discos!","",False,0,0,True,0,0,996,0,0,0,,,False,False,"DV00003_M.jpg","DV00003_G.jpg","DV00003_G.jpg","3431",,,"","","",,0,,0,"dvd",,0,0,,"","",0,10,,True,False,0,0,0,"",""
"A","DVD Players",187332,"DV00001","DVD Player DVP-NS608P/B",0.5,"Acesso rápido às faixas do disco e maior fidelidade na reprodução, mesmo em discos arranhados ou com pequenas ondulações.","Acesso rápido às faixas do disco e maior fidelidade na reprodução, mesmo em discos arranhados ou com pequenas ondulações.","",False,881,0,True,0,0,996,756,0,0,01/01/2008,01/01/2018,False,False,"DV00001_M.jpg","DV00001_G.jpg","DV00001_G.jpg","3391",,,"","","",,0,,0,"dvd",,0,0,,"","",0,10,,True,False,0,0,0,"",""
"A","DVD Players",187333,"DV00002","DVD Player Portátil c/ Tela LCD de 7''",0.3,"Utilize seu DVD player como uma tela portátil para vídeo-game ou como reprodutor de DVD, conecte seu pen drive, MP3 Player, leitor de cartão de memória.","Utilize seu DVD player como uma tela portátil para vídeo-game ou como reprodutor de DVD, conecte seu pen drive, MP3 Player, leitor de cartão de memória.","",False,996,0,True,0,0,3316,0,0,0,,,True,False,"DV00002_M.jpg","DV00002_G.jpg","DV00002_G.jpg","3391",,,"","","",,0,,0,"dvd",,0,0,,"","",0,10,,True,False,0,0,0,"",""
"A","Filmadoras Digitais",187334,"FD00002","Filmadora Handycam DCR-DVD910",0.5,"Filmadora Handycam prática e compacta para você não perder nenhum momento especial: grave diretamente em DVD e compartilhe com os amigos e familiares na hora.","Filmadora Handycam prática e compacta para você não perder nenhum momento especial: grave diretamente em DVD e compartilhe com os amigos e familiares na hora.","",False,1458,0,True,0,0,11196,0,0,0,,,False,False,"FD00002_M.jpg","FD00002_G.jpg","FD00002_G.jpg","3391",,,"","","",,0,,0,"filmadora",,0,0,,"","",0,10,,True,False,0,0,0,"",""
"A","Filmadoras Digitais",187337,"FD00001","Filmadora Handycam DCR-SR85",0.3,"Filmadora Handycam, prática e compacta para você não perder nenhum momento especial: grave diretamente em DVD e compartilhe com os amigos e familiares na hora.","Filmadora Handycam, prática e compacta para você não perder nenhum momento especial: grave diretamente em DVD e compartilhe com os amigos e familiares na hora.","",False,41,0,True,0,0,10796,0,0,0,,,False,False,"FD00001_M.jpg","FD00001_G.jpg","FD00001_G.jpg","3391",,,"","","",,0,,0,"filmadora",,0,0,,"","",0,10,,True,False,0,0,0,"",""
"A","Filmadoras Digitais",187338,"FD00003","Filmadora MiniDV SC-D381/XAZ",0.3,"Registre todos os momentos de sua vida com essa filmadora de MiniDv. Tecnologia e funcionalidade que a Samsung faz para você!","Registre todos os momentos de sua vida com essa filmadora de MiniDv. Tecnologia e funcionalidade que a Samsung faz para você!","",False,857,0,True,0,0,3036,0,0,0,,,False,True,"FD00003_M.jpg","FD00003_G.jpg","FD00003_G.jpg","3423",,,"","","",,0,,0,"filmadora",,0,0,,"","",0,10,,True,False,0,0,0,"",""
"A","GPS",187339,"GP00004","GPSMAP 276C",0.3,"Esta é a primeira unidade realmente concebida para os navegadores e para os amantes do desporto automóvel.","Esta é a primeira unidade realmente concebida para os navegadores e para os amantes do desporto automóvel.","",False,879,0,True,0,0,13996,0,0,0,,,False,False,"GP00004_M.jpg","GP00004_G.jpg","GP00004_G.jpg","3408",,,"","","",,0,,16,"gps",,0,0,,"","",0,10,,True,False,0,0,0,"",""
"A","GPS",187280,"GP00001","Navegador GPS LCD 4,3''",0.3,"Navegador GPS AIRIS T940 - Ampla Tela LCD de 4,3"", Bluetooth para o GPS ser utilizado como viva voz do celular, efetua e recebe chamadas.","Navegador GPS AIRIS T940 - Ampla Tela LCD de 4,3"", Bluetooth para o GPS ser utilizado como viva voz do celular, efetua e recebe chamadas.","",False,9983,0,True,0,0,7196,6796,0,0,01/01/2008,01/01/2018,False,True,"GP00001_M.jpg","GP00001_G.jpg","GP00001_G.jpg","3407",,,"","","",,0,,0,"gps",,0,0,,"","",0,10,,True,False,0,0,0,"",""
"A","GPS",187281,"GP00002","Navegador GPS LCD 4,3'' + SD Card 2GB",0,"Navegador GPS AIRIS T940 - Ampla Tela LCD de 4,3"", Bluetooth para o GPS ser utilizado como viva voz do celular, efetua e recebe chamadas.","Navegador GPS AIRIS T940 - Ampla Tela LCD de 4,3"", Bluetooth para o GPS ser utilizado como viva voz do celular, efetua e recebe chamadas.","",False,993,0,True,0,0,998,0,0,0,,,True,False,"GP00002_M.jpg","GP00002_G.jpg","GP00002_G.jpg","3407","","","","","","",0,,,"gps",,0,0,,"","",0,10,,True,False,0,0,0,"",""
"A","GPS",187282,"GP00003","Navegador GPS Tela 4,3'' CitNavigator",0.3,"A Garmin apresenta o mais econômico equipamento GPS para automóvel agora com display widescreen e mapas do Brasil: o NUVI 250W.","A Garmin apresenta o mais econômico equipamento GPS para automóvel agora com display widescreen e mapas do Brasil: o NUVI 250W.","",False,4888,0,True,0,0,7596,0,0,0,,,False,False,"GP00003_M.jpg","GP00003_G.jpg","GP00003_G.jpg","3408",,,"","","",,0,,0,"gps",,0,0,,"","",0,10,,True,False,0,0,0,"",""
"A","Higiene Bucal",187283,"HB00004","Creme Dental Crest Sensitivity Extra Whitening 116g",0.5,"Problemas com dentes sensíveis? A Euroart criou um creme dental que protege e branqueia os dentes sensíveis.
Não deixe faltar na sua casa o creme dental Sensitivity Extra Whitening.
","Problemas com dentes sensíveis? A Euroart criou um creme dental que protege e branqueia os dentes sensíveis.
Não deixe faltar na sua casa o creme dental Sensitivity Extra Whitening.


Marca: Crest 
Validade: Verificar Rótulo 
Dimensão da Embalagem: 20 x 12 x 6 mm 
Peso da Embalagem: 20 x 12 x 6 mm 
Garantia: 1 ano (exceto consumíveis) 
","",False,1113,0,True,0,0,79.6,0,0,0,,,False,False,"HB00004_M.jpg","HB00004_G.jpg","HB00004_G.jpg","3400",,,"","","",,0,,0,"saúde",,0,0,,"","",0,10,,True,False,0,0,0,"",""
"A","Higiene Bucal",187284,"HB00001","Escova Cross Action Power Azul - Oral B",0.5,"A escova Oral B Cross Action Power garante uma limpeza profunda com duplo movimento de cerdas: Oscilatório e vai - vem. Possui cabo anti deslizante e utiliza apenas uma pilha.","A escova Oral B Cross Action Power garante uma limpeza profunda com duplo movimento de cerdas: Oscilatório e vai - vem. Possui cabo anti deslizante e utiliza apenas uma pilha. A escova tem cerdas cruzadas e indicador para o momento da troca.


Marca: Procter&Gamble 
Modelo: 63742727 
Dimensão da Embalagem: 35 x 240 x 55 mm 
Peso da Embalagem: 35 x 240 x 55 mm 
Garantia: Contra Defeitos de Fabricação 
","",False,145,0,True,0,0,103.6,95.6,0,0,01/01/2001,10/10/2010,False,False,"HB00001_M.jpg","HB00001_G.jpg","HB00001_G.jpg","3395",,,"","","",,0,,0,"saúde",,0,0,,"","",0,10,,True,False,0,0,0,"",""
"A","Higiene Bucal",187340,"HB00002","Fio Dental Reach Extra Fino",0.5,"Ideal para espaços mais estreitos entre os dentes. O formato achatado e a exclusiva tecnologia Expansion Plus propiciam uma remoção de placas bacterianas até 40% mais eficiente. 
","Ideal para espaços mais estreitos entre os dentes. O formato achatado e a exclusiva tecnologia Expansion Plus propiciam uma remoção de placas bacterianas até 40% mais eficiente. 


Marca: Johnson & Johnson 
Modelo: Extra Fino 
Validade: 2 anos a partir da data de fabricação 
Dimensão da Embalagem: 21 x 144 x 68 mm 
Peso da Embalagem: 21 x 144 x 68 mm 
Garantia: 1 ano (exceto consumíveis) 
Para mais informações ou dúvidas sobre o produto e instalação ligue para: 0800-703-6363 
Itens inclusos: 
Kit Composto:
1 Escova Dental;
1 fio Dental 50m;
1 Solução Dental;
1 Porta Escova 
Modo de usar: Retire cerca de 50 cm de fio. Enrole as extremidades nos dedos médios. Prenda o fio esticado entre o polegar e o indicador, mantendo um pequeno espaço. Deslize o fio entre os dentes, penetrando um pouco na gengiva. Curve o fio formando um C, envolvendo o Dente.


Rotina de Higiene Dental.null 
Composição: 
Resina Termoplástica
Corante Azul CI 74160
Cera Microcristalina 
Essências.","",False,10,0,True,0,0,46,0,0,0,,,True,False,"HB00002_M.jpg","HB00002_G.jpg","HB00002_G.jpg","3397",,,"","","",,0,,7,"saúde",,0,0,,"","",0,10,,True,False,0,0,0,"",""
"A","Higiene Bucal",187342,"HB00003","Plax Overnight 250ml",1,"Único enxaguante bucal que além de hálito fresco, oferece proteção prolongada, com ação antibacteriana por até 12 hs. Combate a placa e fortalece os dentes. 
","Único enxaguante bucal que além de hálito fresco, oferece proteção prolongada, com ação antibacteriana por até 12 hs. Combate a placa e fortalece os dentes. 


Marca: Colgate- Palmolive 
Validade: 3 anos a partir da data de fabricação 
Dimensão da Embalagem: 37 x 178 x 66 mm 
Peso da Embalagem: 37 x 178 x 66 mm 
Garantia: Contra Defeitos de Fabricação 
Itens inclusos: 
1 Plax Overnight 250ml 
Modo de usar: 
Use após escovar os dentes ou sempre que desejar, ao menos 2 vezes ao dia
Encha uma tampa com Colgate Plax
Não adicione água
Bocheche por até 60 segundos e elimine o produto.
Mantenha fora do alcance das crianças.
Não ingerir o produto.
Crianças menores de 6 anos não devem usar o produto 
","",False,9,0,True,0,0,220,0,0,0,,,False,True,"HB00003_M.jpg","HB00003_G.jpg","HB00003_G.jpg","3399","","3126","","","","",0,,,"saúde",,0,0,,"","",0,10,,True,False,0,0,0,"",""
"A","Memory Stick - MS",187343,"CR00002","Micro Memory Stick M2 1GB",0.02,"O cartão de memória M2 tem aproximadamente 1/4 do tamanho do Memory Stick Pro Duo, com apenas 1.2mm de espessura. Foi desenvolvido para os celulares Sony Ericsson.","O cartão de memória M2 tem aproximadamente 1/4 do tamanho do Memory Stick Pro Duo, com apenas 1.2mm de espessura. Foi desenvolvido para os celulares Sony Ericsson.","",False,550,0,True,0,0,676,0,0,0,,,False,False,"CR00002_M.jpg","CR00002_G.jpg","CR00002_G.jpg","3391",,,"","","",,0,,0,"",,0,0,,"","",0,10,,True,False,0,0,0,"",""
"A","Mesas Digitalizadoras",187288,"MZ00001","Mesa Digitalizadora Gráfica Intuos3 9x12",0.5,"Mesa digitalizadora de grande precisão. Ideal para ser usada em serviços profissionais. Concepção ergonômica e muita versatilidade.","Mesa digitalizadora de grande precisão. Ideal para ser usada em serviços profissionais. Concepção ergonômica e muita versatilidade.","",False,220,0,True,0,0,12956,0,0,0,,,False,False,"MZ00001_M.jpg","MZ00001_G.jpg","MZ00001_G.jpg","3396",,,"","","",,0,,0,"",,0,0,,"","",0,10,,True,False,0,0,0,"",""
"A","Micro/Mini SD",187289,"CR00001","Cartão de Memória Micro SD 1GB",0.01,"Com apenas um kit (1 cartão + 2 adaptadores), a Kingston deixa você a vontade para utilizar em qualquer equipamento que tenha qualquer formato SD: micro SD, mini SD e SD padrão.","Com apenas um kit (1 cartão + 2 adaptadores), a Kingston deixa você a vontade para utilizar em qualquer equipamento que tenha qualquer formato SD: micro SD, mini SD e SD padrão.","",False,875,0,True,0,0,319.6,219.6,0,0,01/01/2008,01/01/2018,False,False,"CR00001_M.jpg","CR00001_G.jpg","CR00001_G.jpg","3409",,,"","","",,0,,0,"",,0,0,,"","",0,10,,True,False,0,0,0,"",""
"A","Monitores",187290,"MT00003","Monitor LCD 19'' 940MG - Tela Wide / TV",0.5,"Design sofisticado e elegante com alto-falantes incorporados. Ideal para uso em residências e escritórios. PIP (Picture in Picture); PBP (Picture by Picture).","Design sofisticado e elegante com alto-falantes incorporados. Ideal para uso em residências e escritórios. PIP (Picture in Picture); PBP (Picture by Picture).","",False,9990,0,True,0,0,9636,0,0,0,,,False,False,"MT00003_M.jpg","MT00003_G.jpg","MT00003_G.jpg","3423",,,"","","",,0,,0,"monitor",,0,0,,"","",0,10,,True,False,0,0,0,"",""
"A","Monitores",187291,"MT00001","Monitor LCD 19'' SyncMaster 932BW",0.5,"A tela widescreen de 19 polegadas e o design diferenciado destacam o monitor 932BW onde quer que esteja sendo utilizado.","A tela widescreen de 19 polegadas e o design diferenciado destacam o monitor 932BW onde quer que esteja sendo utilizado.","",False,1107,0,True,0,0,3996,3196,0,0,01/01/2008,01/01/2018,False,False,"MT00001_M.jpg","MT00001_G.jpg","MT00001_G.jpg","3423",,,"","","",,0,,0,"monitor",,0,0,,"","",0,10,,True,False,0,0,0,"",""
"A","Monitores",187292,"MT00004","Monitor LCD 22'' Wide W2252TQ",0.5,"Design, qualidade de imagem e efeitos exclusivos como você nunca viu!","Design, qualidade de imagem e efeitos exclusivos como você nunca viu!","",False,4477,0,True,0,0,3396,0,0,0,,,False,False,"MT00004_M.jpg","MT00004_G.jpg","MT00004_G.jpg","3390",,,"","","",,0,,0,"monitor",,0,0,,"","",0,10,,True,False,0,0,0,"",""
"A","Monitores",187293,"MT00002","Monitor W1952T Wide 19''",0.5,"Visualize as imagens no monitor com efeitos Preto& branco e Sepia. Imagens originais 4:3 no monitor widescreen!
Reduz a resolução num nível, facilitando a visualização dos detalhes nas imagens.","Visualize as imagens no monitor com efeitos Preto& branco e Sepia. Imagens originais 4:3 no monitor widescreen!
Reduz a resolução num nível, facilitando a visualização dos detalhes nas imagens.","",False,9987,0,True,0,0,2596,0,0,0,,,True,False,"MT00002_M.jpg","MT00002_G.jpg","MT00002_G.jpg","3390",,,"","","",,0,,0,"monitor",,0,0,,"","",0,10,,True,False,0,0,0,"",""
"A","Mouses",187294,"ME00001","Mini Mouse S/ Fio USB",0.5,"A tecnologia wireless/sem fio traz conveniência ilimitada. Este mouse é contruído especialmente para entradas USB.","A tecnologia wireless/sem fio traz conveniência ilimitada. Este mouse é contruído especialmente para entradas USB.","",False,7859,0,True,0,0,236,0,0,0,,,False,True,"ME00001_M.jpg","ME00001_G.jpg","ME00001_G.jpg","3394",,,"","","",,0,,0,"",,0,0,,"","",0,10,,True,False,0,0,0,"",""
"A","Notebooks",187344,"NB00003","Notebook E200 Black Dual Core T2390",0.5,"Battery Miser, On Screen Display, LG Magnifier, LG SmartCam, LG Inteligent Update, LG Smart Indicator CyberLink Power2Go, LG Smart Recovery Center, LG Intelligent Update (Norton Anti-Virus, Drivers.","Battery Miser, On Screen Display, LG Magnifier, LG SmartCam, LG Inteligent Update, LG Smart Indicator CyberLink Power2Go, LG Smart Recovery Center, LG Intelligent Update (Norton Anti-Virus, Drivers.","",False,9985,0,True,0,0,11596,0,0,0,,,True,False,"NB00003_M.jpg","NB00003_G.jpg","NB00003_G.jpg","3390",,,"","","",,0,,0,"Notebooks",,0,0,,"","",0,10,,True,False,0,0,0,"",""
"A","Notebooks",187296,"NB00001","Notebook J72 Dual Core T2370",0.5,"Sistema operacional: Satux Linux 
Processador: Modelo Intel Pentium Dual Core T2370, Clock 1,60GHz, Barramento 533MHz, Cache L2 1MB 
Chipset: Modelo SIS M672","Sistema operacional: Satux Linux 
Processador: Modelo Intel Pentium Dual Core T2370, Clock 1,60GHz, Barramento 533MHz, Cache L2 1MB 
Chipset: Modelo SIS M672","",False,9980,0,True,0,0,5596,0,0,0,,,False,True,"NB00001_M.jpg","NB00001_G.jpg","NB00001_G.jpg","3388",,,"","","",,0,,0,"Notebooks",,0,0,,"","",0,10,,True,False,0,0,0,"",""
"A","Notebooks",187297,"NB00002","Notebook Tablet TX2075BR Turion",1,"Diversão instantânea: Com a nova versão da tecnologia QuickPlay, além de reproduzir músicas e vídeos em DVD, você pode reproduzir imagens e vídeos armazenados em seu disco rígido.","Diversão instantânea: Com a nova versão da tecnologia QuickPlay, além de reproduzir músicas e vídeos em DVD, você pode reproduzir imagens e vídeos armazenados em seu disco rígido.","",False,0,0,True,0,0,120,0,0,0,,,False,False,"NB00002_M.jpg","NB00002_G.jpg","NB00002_G.jpg","3389","","","","","","",0,,,"Notebooks",,0,0,,"","",0,10,"",True,False,0,0,0,"",""
"A","Notebooks",187298,"NB00004","Notebook Vaio SR150B",1,"Processador Intel® Core?2 Duo P8400 (2.26GHz1) 
Intel® Wireless WiFi Link 5100 network connection 
Intel® GM45 Express Chipset 
Memória de Cache: 3MB L2","Processador Intel® Core?2 Duo P8400 (2.26GHz1) 
Intel® Wireless WiFi Link 5100 network connection 
Intel® GM45 Express Chipset 
Memória de Cache: 3MB L2","",False,9989,0,True,0,0,1998,0,0,0,,,False,False,"NB00004_M.jpg","NB00004_G.jpg","NB00004_G.jpg","3391","","","","","","",0,,,"Notebooks",,0,0,,"","",0,10,,True,False,0,0,0,"",""
"A","Perfumes",187365,"","",0,"curtinha sub","longa sub","",False,10,0,True,0,0,980,0,0,0,,,False,False,"","","","","1815","","","","","",0,187355,,"",,0,0,,"","",0,0,"",False,False,0,0,0,"",""
"A","Perfumes",187366,"","",0,"","","",False,102,0,True,0,0,1300,0,0,0,,,False,False,"","","",,"1817",,"","","",,0,187355,,"",,0,0,,"","",0,0,,False,False,0,0,0,"",""
"A","Perfumes",187367,"","",0,"","","",False,29,0,True,0,0,780,0,0,0,,,False,False,"","","",,,,"","","",,0,187335,,"",,,0,,"","",0,0,,False,False,0,0,0,"",""
"A","Perfumes",187368,"","",0,"","","",False,28,0,True,0,0,980,0,0,0,,,False,False,"","","",,,,"","","",,0,187335,,"",,,0,,"","",0,0,,False,False,0,0,0,"",""
"A","Perfumes",187369,"","",0,"","","",False,23,0,True,0,0,1180,0,0,0,,,False,False,"","","",,,,"","","",,0,187335,,"",,,0,,"","",0,0,,False,False,0,0,0,"",""
"A","Perfumes",187370,"","",0,"","","",False,30,0,True,0,0,700,0,0,0,,,False,False,"","","","","","3126","","","","",0,187336,,"",,0,0,,"","",0,0,"",False,False,0,0,0,"",""
"A","Perfumes",187371,"","",0,"","","",False,19,0,True,0,0,900,0,0,0,,,False,False,"","","","","","3127","","","","",0,187336,,"",,0,0,,"","",0,0,"",False,False,0,0,0,"",""
"A","Perfumes",187372,"","",0,"","","",False,1,0,True,0,0,770,0,0,0,,,False,False,"","","",,"1815",,"","","",,0,187356,,"",,0,0,,"","",0,0,,False,False,0,0,0,"",""
"A","Perfumes",187373,"","",0,"","","",False,1,0,True,0,0,1300,0,0,0,,,False,False,"","","",,"1817",,"","","",,0,187356,,"",,0,0,,"","",0,0,,False,False,0,0,0,"",""
"A","Perfumes",187374,"","",0,"","","",False,1,0,True,0,0,570,0,0,0,,,False,False,"","","",,"1814",,"","","",,0,187356,,"",,0,0,,"","",0,0,,False,False,0,0,0,"",""
"A","Perfumes",187375,"","",0,"","","",False,9,0,True,0,0,470,0,0,0,,,False,False,"","","",,"1815",,"","","",,0,187357,,"",,0,0,,"","",0,0,,False,False,0,0,0,"",""
"A","Perfumes",187376,"","",0,"","","",False,0,0,True,0,0,690,0,0,0,,,False,False,"","","",,"1817",,"","","",,0,187357,,"",,0,0,,"","",0,0,,False,False,0,0,0,"",""
"A","Perfumes",187377,"","",0,"","","",False,1,0,True,0,0,960,0,0,0,,,False,False,"","","",,"1815",,"","","",,0,187363,,"",,0,0,,"","",0,0,,False,False,0,0,0,"",""
"A","Perfumes",187378,"","",0,"","","",False,1,0,True,0,0,1360,0,0,0,,,False,False,"","","",,"1817",,"","","",,0,187363,,"",,0,0,,"","",0,0,,False,False,0,0,0,"",""
"A","Perfumes",187379,"","",0,"","","",False,1,0,True,0,0,1560,0,0,0,,,False,False,"","","",,"1818",,"","","",,0,187363,,"",,0,0,,"","",0,0,,False,False,0,0,0,"",""
"A","Perfumes",187380,"","",0,"","","",False,9,0,True,0,0,860,0,0,0,,,False,False,"","","",,"1814",,"","","",,0,187364,,"",,0,0,,"","",0,0,,False,False,0,0,0,"",""
"A","Perfumes",187381,"","",0,"","","",False,0,0,True,0,0,1060,0,0,0,,,False,False,"","","",,"1815",,"","","",,0,187364,,"",,0,0,,"","",0,0,,False,False,0,0,0,"",""
"A","Perfumes",187382,"","",0,"","","",False,5,0,True,0,0,1260,1180,0,0,01/01/2001,12/12/2020,False,False,"","","",,"1815",,"","","",,0,187351,,"",,0,0,,"","",0,0,,False,False,0,0,0,"",""
"A","Perfumes",187383,"","",0,"","","",False,0,0,True,0,0,1460,0,0,0,,,False,False,"","","",,"1817",,"","","",,0,187351,,"",,0,0,,"","",0,0,,False,False,0,0,0,"",""
"A","Perfumes",187384,"","",0,"","","",False,1,0,True,0,0,1020,0,0,0,,,False,False,"","","",,"1817",,"","","",,0,187352,,"",,0,0,,"","",0,0,,False,False,0,0,0,"",""
"A","Perfumes",187385,"","",0,"","","",False,0,0,True,0,0,1420,0,0,0,,,False,False,"","","",,"1818",,"","","",,0,187352,,"",,0,0,,"","",0,0,,False,False,0,0,0,"",""
"A","Perfumes",187355,"PRF003","Acqua di Gio Pour Homme by Giorgio Armani",0,"Acqua di Gio Pour Homme Ativo, másculo e livre. Para um homem em paz consigo mesmo.

Notas de jacinto, jasmim, âmbar, sândalo e almíscar.","Floral Frutal

Acqua di Gio Pour Homme Ativo, másculo e livre. Para um homem em paz consigo mesmo.

Notas de jacinto, jasmim, âmbar, sândalo e almíscar.","",False,110,0,True,0,0,980,0,0,0,,,True,True,"AquaGioG.jpg","AquaGioG.jpg","AquaGioG.jpg","3437",,,"","","",,0,,7,"Perfumes",,0,0,,"","",0,0,,True,False,0,0,0,"",""
"A","Perfumes",187352,"PRF009","Acqua di Gioia By Giorgio Armani",0,"Floral Aquática. Acqua di Gioia foi elaborada para a mulher forte, digna e livre de espírito, em perfeita harmonia com a natureza. O perfume foi levado pela ideia de fugir para um local paradisíaco.","Floral Aquática

Acqua di Gioia foi elaborada para a mulher forte, digna e livre de espírito, em perfeita harmonia com a natureza.

O perfume foi levado pela ideia de fugir para um local paradisíaco onde podemos restaurar a energia necessária para o corpo e a alma, e onde vivenciamos um equilíbrio natural.

Uma fragrância aquática, sensorial, inspirada na natureza. Giorgio Armani celebra a mulher e a natureza, levando-a para um momento único, onde todos os sentidos são aguçados.

Notas de Cabeça: Folhas de menta e limão siciliano
Notas de Coração: Jasmin hidropônico
Notas de Fundo: Mascavo e cedro","",False,554,0,True,0,0,1020,0,0,0,,,False,False,"AcquadiGioiaM.jpg","AcquadiGioiaG.jpg","AcquadiGioiaG.jpg","3437",,,"","","",,0,,7,"perfumes",,0,0,,"","",0,0,,True,False,0,0,0,"",""
"A","Perfumes",187356,"PRF004","Euphoria Blossom",0,"Floral Cítrico. Euphoria Blossom Uma flor – preste a desabrochar ao toque de uma gota de orvalho – revela sua aura extremamente linda e delicada. Euphoria Blossom é uma combinação moderna e refresca","Floral Cítrico

Euphoria Blossom Uma flor – preste a desabrochar ao toque de uma gota de orvalho – revela sua aura extremamente linda e delicada. Euphoria Blossom é uma combinação moderna e refrescante inspirada pela orquídea branca.

Inspirada pela delicadeza refrescante e picante da orquídea branca, Euphoria Blossom traz notas modernas e radiantes, traduzindo sua essência floral atraente e charmosa.

Notas de Cabeça: Kumquat, romã e acordes verdes
Notas de Coração: Orquídea branca, peônia rosada e flor de lótus
Notas de Fundo: Madeira dourada, âmbar e almíscar puro

Embalagem
O frasco à frente de uma orquídea branca é simplesmente deslumbrante, traduzindo todos os valores da fragrância: pureza, feminilidade, luminosidade e modernidade.","",False,8,0,True,0,0,570,0,0,0,,,True,True,"EuphoriaBlossomG.jpg","EuphoriaBlossomG.jpg","EuphoriaBlossomG.jpg","3438",,,"","","",,0,,7,"",,0,0,,"","",0,0,,True,False,0,0,0,"",""
"A","Perfumes",187357,"PRF005","Euphoria Spring Temptation",0,"Euphoria Spring Temptation uma luxuosa edição limitada que proporciona à mulher uma nova e irresistível forma para aquecer-se em Euphoria.
","Euphoria Spring Temptation uma luxuosa edição limitada que proporciona à mulher uma nova e irresistível forma para aquecer-se em Euphoria.

Enriquecido com um conjunto de notas frutadas, como complemento, notas marinhas, o que o torna, no primeiro momento, leve e ligeiramente ozonado, aéreo. Em seguida, uma rica e inebriante composição de pequenas e delicadas flores que dá uma multiplicidade de referências e imagens que resiste à tentação de descrever. Ao final, as notas amadeiradas que dá consistência e sustentação que as flores frutadas merecem e que estabelecem a ponte com as versões anteriores.

Notas de Cabeça: Flor de pêra, folhas de goiaba e notas marinhas
Notas de Coração: Lírio, violeta e pétalas de frésia
Notas de Fundo: Sândalo, ambar e almiscar

Embalagem
A embalagem irradia feminilidade com um degrade de Cassis ao rosa pálido, seguindo o mesmo design floral do frasco.","",False,0,0,True,0,0,470,0,0,0,,,True,True,"EuphoriaSpringTempG.jpg","EuphoriaSpringTempG.jpg","EuphoriaSpringTempG.jpg","3438",,,"","","",,0,,7,"",,0,0,,"","",0,0,,True,False,0,0,0,"",""
"A","Perfumes",187335,"PRF001","Polo Black by Ralph Lauren",0,"A fragrância é uma fusão aromática de madeiras, com uma combinação de manga gelada, artemísia prateada, acorde verde efervescente, sálvia hispânica, hedione, sândalo, timberol, patchouli noir...","Fresco Especiarado

Polo Black para o homem seguro e moderno, sexy e sofisticado. Um estilo elegante e contemporâneo com atitude urbana e confiante. Polo Black explora os prazeres e as paixões de um homem.

A fragrância é uma fusão aromática de madeiras, com uma combinação de manga gelada, artemísia prateada, acorde verde efervescente, sálvia hispânica, hedione, sândalo, timberol, patchouli noir e fava tonka.","",False,28,0,True,0,0,580,0,0,0,,,True,True,"Polo_Black_G.jpg","Polo_Black_G.jpg","Polo_Black_G.jpg","3439",,,"","","",,0,,7,"Perfumes",,0,0,,"","",0,0,,True,False,0,0,0,"",""
"A","Perfumes",187363,"PRF006","Polo Blue by Ralph Lauren",0,"Fresco Especiarado. Polo Blue para homens ambiciosos e carismáticos.

Suas notas combinam melão, pepino, tangerina, gerânio, manjericão, âmbar, patchouli e almíscar.","Fresco Especiarado

Polo Blue para homens ambiciosos e carismáticos.

Suas notas combinam melão, pepino, tangerina, gerânio, manjericão, âmbar, patchouli e almíscar.","",False,1,0,True,0,0,960,0,0,0,,,False,False,"PoloBlueG.png","PoloBlueG.png","PoloBlueG.png","3439",,,"","","",,0,,7,"perfumes",,0,0,,"","",0,0,,True,False,0,0,0,"",""
"A","Perfumes",187351,"PRF008","Polo Sport by Ralph Lauren",0,"Polo Sport Masculino o perfume da boa forma física. Com notas de limão, menta, algas marinhas, frutas exóticas, gengibre, flor de laranjeira, almíscar, musgo de carvalho, vetiver e sândalo.","Polo Sport Masculino o perfume da boa forma física. Com notas de limão, menta, algas marinhas, frutas exóticas, gengibre, flor de laranjeira, almíscar, musgo de carvalho, vetiver e sândalo.","",False,0,0,True,0,0,1260,1180,0,0,01/01/2001,12/12/2020,True,True,"PoloSportM.jpg","PoloSportG.jpg","PoloSportG.jpg","3439",,,"","","",,0,,7,"perfumes",,0,0,,"","",0,0,,True,False,0,0,0,"",""
"A","Perfumes",187336,"PRF002","Polo Verde by Ralph Lauren",0,"Com notas de pinho do Canadá, eucalipto, lavanda, pimenta, artemísia, cedro, vetiver, patchouli, musgo de carvalho, couro e tabaco.","Cítrico Amadeirado

Polo para o homem clássico, dinâmico e elegante.

Com notas de pinho do Canadá, eucalipto, lavanda, pimenta, artemísia, cedro, vetiver, patchouli, musgo de carvalho, couro e tabaco.","",False,30,0,True,0,0,700,0,0,0,,,True,True,"Polo_Verde_G.jpg","Polo_Verde_G.jpg","Polo_Verde_G.jpg","3439",,,"","","",,0,,7,"Perfumes",,0,0,,"","",0,0,,True,False,0,0,0,"",""
"A","Perfumes",187364,"PRF007","Safari For Men by Ralph Lauren",0,"Aromático Amadeirado. Safari Homme é uma mistura sutil, mas sensual. Para homens luxuosos, auto-confiantes e independentes.
","Aromático Amadeirado

Safari Homme é uma mistura sutil, mas sensual. Para homens luxuosos, auto-confiantes e independentes.

Notas de Cabeça: Bergamota, limão e artemísia
Notas de Coração: Especiarias, cravo e canela
Notas de Fundo: Madeiras, vetiver e sândalo","",False,1,0,True,0,0,860,0,0,0,,,True,True,"SafariM.jpg","SafariG.jpg","SafariG.jpg","3439",,,"","","",,0,,7,"perfumes",,0,0,,"","",0,0,,True,False,0,0,0,"",""
"A","Receivers",187299,"CX00001","Receiver 7.1 Canais",1,"Com uma excelente funcionalidade e facilidade de uso, o receiver TX-SR505 é perfeitamente adequado para quem deseja ter um Home Theater de qualidade.","Com uma excelente funcionalidade e facilidade de uso, o receiver TX-SR505 é perfeitamente adequado para quem deseja ter um Home Theater de qualidade.","",False,9988,0,True,0,0,15960,0,0,0,,,False,True,"CX00001_M.jpg","CX00001_G.jpg","CX00001_G.jpg","3391",,,"","","",,0,,0,"",,0,0,,"","",0,10,,True,False,0,0,0,"",""
"A","Secadores",187300,"SC00001","Secador de Cabelos Futura Vision",0.5,"Secador Futura Vision compacto com motor AC, permite 02 combinações de velocidade e temperatura. Potência de 1400 W. Ar frio ou quente.","Secador Futura Vision compacto com motor AC, permite 02 combinações de velocidade e temperatura. Potência de 1400 W. Ar frio ou quente. Possui termostato de segurança, desliga automaticamente em caso de superaquecimento. Acompanha um bico concentrador de ar.","",False,8888,0,True,0,0,276,0,0,0,,,False,False,"SC00001_M.jpg","SC00001_G.jpg","SC00001_G.jpg","3428",,,"","","",,0,,0,"secador",,0,0,,"","",0,10,,True,False,0,0,0,"",""
"A","Secadores",187301,"SC00003","Secador de Cabelos Sensation Íon",0.5,"Secador Turbo profissional com emissão de Ions que oferece maior brilho e rapidez na secagem do seu cabelo.  Super potente, 2000 W.","Secador Turbo profissional com emissão de Ions que oferece maior brilho e rapidez na secagem do seu cabelo.  Super potente, 2000 W. Permite 06 combinações de velocidades e temperaturas, sendo 04 em temperatura e duas em velocidade. Botão de ar frio instantâneo. Cabo de força (4 m) mais longo. Possui termostato de segurança, desliga automaticamente em caso de superaquecimento. Acompanha bico concentrador de ar pequeno e grande.","",False,1474,0,True,0,0,596,0,0,0,,,True,False,"SC00003_M.jpg","SC00003_G.jpg","SC00003_G.jpg","3428",,,"","","",,0,,0,"secador",,0,0,,"","",0,10,,True,False,0,0,0,"",""
"A","Secadores",187302,"SC00004","Secador de Cabelos SP 2100",0.5,"Com 2 velocidades e 3 temperaturas que permite combinar diferentes velocidades e temperaturas.","Com 2 velocidades e 3 temperaturas que permite combinar diferentes velocidades e temperaturas.","",False,0,0,True,0,0,296,0,0,0,,,False,False,"SC00004_M.jpg","SC00004_G.jpg","SC00004_G.jpg","3426",,,"","","",,0,,0,"secador",,0,0,,"","",0,10,,True,False,0,0,0,"",""
"A","Secadores",187303,"SC00002","Secador Energy",0.5,"Emite mais de 6 milhões de íons positivos e negativos por cm3. O mais silencioso da sua categoria. Supercompacto e leve.","Emite mais de 6 milhões de íons positivos e negativos por cm3. O mais silencioso da sua categoria. Supercompacto e leve. Exclusivo sistema de seleção de íons. Emissão de íons positivos, ideal para diversos tratamentos. Emissão de íons negativos, proporciona brilho e maciez aos cabelos. Duas velocidades e duas temperaturas. Jato de ar frio. Cabo ergonômico. Borrachas laterais antiderrapantes. Design exclusivo. Dois bicos direcionadores de ar. Motor HTT de alta performance.","",False,108,0,True,0,0,1440,0,0,0,,,False,True,"SC00002_M.jpg","SC00002_G.jpg","SC00002_G.jpg","3427",,,"","","",,0,,0,"secador",,0,0,,"","",0,10,,True,False,0,0,0,"",""
"A","Smartphones",187325,"IP0001","Apple iPhone 4S Black - 32 GB",0,"O iPhone 4S é rápido e ágil. Isso faz toda a diferença quando você abre um app, navega na web e em praticamente tudo o que você quiser fazer.","Com dois núcleos, o chip A5 oferece até o dobro de poder e gráficos até sete vezes mais rápidos1. Você percebe isso. Rápido. O iPhone 4S é rápido e ágil. Isso faz toda a diferença quando você abre um app, navega na web e em praticamente tudo o que você quiser fazer. Independentemente do que você estiver fazendo, não se preocupe, porque o chip A5 é tão eficiente em termos de consumo de energia, que a duração da bateria do iPhone 4S é surpreendente.","goCp44F6oHU",False,0,0,True,0,0,4800,3800,0,0,01/01/2001,02/02/2020,True,True,"IP0001_1_P.png","IP0001_1_P.png","IP0001_1.png","3418","1810","","","","","2489",0,,,"smartphone",,0,0,,"","iphone, apple",0,0,"",True,False,0,0,0,"",""
"A","Smartphones",187328,"IP0002","Apple iPhone 4S White - 32 GB",0,"O iPhone 4S é rápido e ágil. Isso faz toda a diferença quando você abre um app, navega na web e em praticamente tudo o que você quiser fazer.","Com dois núcleos, o chip A5 oferece até o dobro de poder e gráficos até sete vezes mais rápidos1. Você percebe isso. Rápido. O iPhone 4S é rápido e ágil. Isso faz toda a diferença quando você abre um app, navega na web e em praticamente tudo o que você quiser fazer. Independentemente do que você estiver fazendo, não se preocupe, porque o chip A5 é tão eficiente em termos de consumo de energia, que a duração da bateria do iPhone 4S é surpreendente.","goCp44F6oHU",False,0,0,True,0,0,4800,0,0,0,,,True,True,"IP0001_1_P.png","IP0001_1.png","IP0001_1.png","3418","1809","","","","","2489",0,,,"smartphone",,0,0,,"","",0,0,"",True,False,0,0,0,"",""
"A","Smartphones",187324,"CL00003","HTC P4351 Windows Mob. 6.0",0.5,"Com a praticidade de acesso ao e-mail do Outlook®, contatos e calendário sincronizados instantaneamente através do Windows Mobile® 6 Professional Direct Push.","Com a praticidade de acesso ao e-mail do Outlook®, contatos e calendário sincronizados instantaneamente através do Windows Mobile® 6 Professional Direct Push.","",False,109,0,True,0,0,7596,0,0,0,,,True,False,"CL00003_M.jpg","CL00003_G.jpg","CL00003_G.jpg","3424",,,"","","",,0,,,"smartphone",,0,0,,"","",0,10,,True,False,0,0,0,"",""
"A","Smartphones",187251,"CL00002","HTC Touch Windows Mob. 6.0",0.5,"Suporta Hotmail (Pocket MSN), Microsoft® Office Outlook® e contas POP3 / IMAP4
","Suporta Hotmail (Pocket MSN), Microsoft® Office Outlook® e contas POP3 / IMAP4","",False,9997,0,True,0,0,6796,0,0,0,,,False,False,"CL00002_M.jpg","CL00002_G.jpg","CL00002_G.jpg","3424",,,"","","",,0,,0,"smartphone",,0,0,,"","",0,10,,True,False,0,0,0,"",""
"A","Smartphones",187252,"CL00006","HTC TyTNII Windows",0.5,"Pelo HTC HomeTM, você tem acesso a informações importantes, como hora e previsão do tempo. Também pode acessar o quick laucher e as configurações de toque único, discagem fácil por fotos e muito mais.","Pelo HTC HomeTM, você tem acesso a informações importantes, como hora e previsão do tempo. Também pode acessar o quick laucher e as configurações de toque único, discagem fácil por fotos e muito mais.","",False,9993,0,True,0,0,8796,0,0,0,,,True,False,"CL00006_M.jpg","CL00006_G.jpg","CL00006_G.jpg","3424",,,"","","",,0,,0,"smartphone",,0,0,,"","",0,10,,True,False,0,0,0,"",""
"A","Smartphones",187253,"CL00007","iPhone 3G",1,"O iPhone, ainda mais rápido e poderoso. O iPhone 3GS vem com gravação de vídeo, Controle por Voz, até 32GB de espaço de armazenamento e muito mais.

A primeira coisa que você irá perceber no iPhone","O iPhone, ainda mais rápido e poderoso. O iPhone 3GS vem com gravação de vídeo, Controle por Voz, até 32GB de espaço de armazenamento e muito mais.

A primeira coisa que você irá perceber no iPhone 3GS é a rapidez com que você abre os aplicativos. As páginas web são abertas em uma fração de tempo, assim como os anexos de e-mail. O maior desempenho e imagens gráficas em 3D aprimoradas compõem um ambiente fantástico para jogos. Na verdade, tudo o que fizer no iPhone 3GS ficará até duas vezes mais rápido e ágil do que no iPhone 3G.

A nova câmera de 3 megapixels tira excelentes fotos graças ao recurso de foco automático e um novo e prático recurso que permite dar um toque para obter foco de qualquer coisa, ou pessoa, que você queira.

O Controle por Voz reconhece os nomes na sua lista de Contatos e as músicas no seu iPod. E se quiser fazer uma chamada ou escutar uma música, basta pedir.

Com a ajuda de uma bússola interna digital o iPhone 3GS indica o caminho.","",False,76,0,True,0,0,4400,0,0,0,,,True,True,"CL00007_M1.jpg","CL00007_G1.jpg","CL00007_G1.jpg","3418","","","","","","",0,,,"smartphone",,0,0,,"","",0,10,"",True,False,0,0,0,"",""
"A","Smartphones",192259,"CL00015","iPhone 5c Azul com 16GB, Processador A6, iOS 7, Câmera de 08 MP, Display de 4"", 4G e Wi-Fi",0,"O iPhone 5c tem todos os recursos que fazem do iPhone 5 um telefone incrível e muito mais, inclusive o iOS 7. Além de Chip A6. Câmera iSight de 8MP. Tela Retina de 4 polegadas. Wireless ultrarrápido.","O iPhone 5c tem todos os recursos que fazem do iPhone 5 um telefone incrível e muito mais, inclusive o iOS 7. Além de Chip A6. Câmera iSight de 8MP. Tela Retina de 4 polegadas. Wireless ultrarrápido.
Tudo em um novo design que fica ótimo nas suas mãos.","",False,0,0,True,0,0,3500,2900,0,0,01/01/2001,18/12/2018,False,False,"iphone5.jpg","iphone5.jpg","iphone5.jpg","","","","","","","",0,,82,"",,0,0,,"","",0,0,"",True,False,0,0,0,"",""
"A","Smartphones",187254,"CL00008","Nokia 598770 Xpressmusic",0.5,"O celular multimídia ainda possui canal estéreo em suas caixas de som integradas, além de oferecer conectividade Bluetooth e um plug de 3.5 mm para o uso de phones de ouvido.","O celular multimídia ainda possui canal estéreo em suas caixas de som integradas, além de oferecer conectividade Bluetooth e um plug de 3.5 mm para o uso de phones de ouvido.","",False,9991,0,True,0,0,7156,0,0,0,,,False,True,"CL00008_M.jpg","CL00008_G.jpg","CL00008_G.jpg","3417",,,"","","",,0,,0,"smartphone",,0,0,,"","",0,10,,True,False,0,0,0,"",""
"A","Smartphones",187329,"SM0001","Samsung I9100 Galaxy S II c/ Câmera 8MP + 2MP Frontal, Android 2.3, 4G, Wi-Fi, GPS, Touch, MP3",0,"Com ele você tem Android 2.3 e milhares de aplicativos com o Android Market, pode registrar os melhores momentos da sua vida com a qualidade da câmera de 8 MP do aparelho e pode realizar vídeo-chamada","Com ele você tem Android 2.3 e milhares de aplicativos com o Android Market, pode registrar os melhores momentos da sua vida com a qualidade da câmera de 8 MP do aparelho e pode realizar vídeo-chamadas com a câmera frontal de 2 MP. Além disso você utiliza todas as funções do aparelho com a velocidade de um processador Dual Core de 1.2 Ghz, fica sempre conectado com a Internet 4 G de alta velocidade HSPA+, tem a velocidade do Wi-Fi Dual Channel e desfruta seus vídeos em Full HD numa tela de 4.27""","2UiWqDPK29Q",False,11,0,True,0,0,3798,0,0,0,,,True,True,"GLX1_P.jpg","GLX1.jpg","GLX1.jpg","3423","1808",,"","","",,0,,,"smartphone",,0,0,,"","Samsung, Galaxy , smartphone",0,0,,True,False,0,0,0,"",""
"A","Smartphones",187255,"CL00004","Smartphone HTC S711",1,"Capture imagens e vídeos de qualidade com a câmera de 2.0 megapixels. Smartphone HTC S711 é o mais compacto da categoria que ainda possui teclado slide completo e embutido.","Capture imagens e vídeos de qualidade com a câmera de 2.0 megapixels. Smartphone HTC S711 é o mais compacto da categoria que ainda possui teclado slide completo e embutido.","",False,9994,0,True,0,0,598,0,0,0,,,False,True,"CL00004_M.jpg","CL00004_G.jpg","CL00004_G.jpg","3424","","","","","","",0,,,"smartphone",,0,0,,"","",0,10,,True,False,0,0,0,"",""
"A","Smartphones",187256,"CL00001","Smartphone MotoQ GSM",0.5,"Tecnologia: GSM, Câmera Integrada: 1.3 Megapixels, Zoom (câmera): Sim, Flash (câmera): Não, Filmadora: de até 15 frames por segundo","Tecnologia: GSM, Câmera Integrada: 1.3 Megapixels, Zoom (câmera): Sim, Flash (câmera): Não, Filmadora: de até 15 frames por segundo","",False,9995,0,True,0,0,4796,4396,0,0,01/01/2008,01/01/2018,False,False,"CL00001_M.jpg","CL00001_G.jpg","CL00001_G.jpg","3425",,,"","","",,0,,0,"smartphone",,0,0,,"","",0,10,,True,False,0,0,0,"",""
"A","Smartphones",187257,"CL00005","Smartphone Samsung i617",1,"CURTAVisor com 65 mil cores, resolução de 320 x 240. Maior nitidez e brilho para vizualizar seus documentos, fotos, jogos e vídeos.","LONGAVisor com 65 mil cores, resolução de 320 x 240. Maior nitidez e brilho para vizualizar seus documentos, fotos, jogos e vídeos.","",False,9999,0,True,0,0,5196,4796,0,0,01/01/2008,01/01/2018,False,False,"CL00005_M.jpg","CL00005_G.jpg","CL00005_G.jpg","3423","","","","","","",0,,,"smartphone",,0,0,,"","",0,10,"",True,False,0,0,0,"",""
"A","Tablets",187327,"TB0003","iPad 2 3G Apple c/ 16GB, Wi-Fi, Bluetooth, Câmera HD, Acelerômetro, Bússola Digital, GPS, Tela 9,7",0,"Duas câmeras para chamada com vídeo FaceTime e gravação de vídeo em HD. Chip A5 dual core. Bateria com 10 horas de duração1. Mais de 200 recursos novos de software no iOS 5 e o iCloud.","Duas câmeras para chamada com vídeo FaceTime e gravação de vídeo em HD. Chip A5 dual core. Bateria com 10 horas de duração1. Mais de 200 recursos novos de software no iOS 5 e o iCloud. Tudo em uma estrutura incrivelmente fina e leve. É surpreendente como o iPad pode ser tão pequeno e ter tantas coisas.","KPZ8JhY4R2Y",False,11,0,True,0,0,4098,0,0,0,,,True,True,"TB0003_1_P.jpg","TB0003_1.jpg,TB0003_2.jpg","TB0003_1.jpg,TB0003_2.jpg","3418","1809","","","","","2492",0,,,"tablet",,0,0,,"","",0,0,,True,False,0,0,0,"",""
"A","Tablets",187353,"TB0004","iPad 2 3G Apple c/ 32GB, Wi-Fi, Bluetooth, Câmera HD, Acelerômetro, Bússola Digital, GPS, Tela 9,7",0,"Duas câmeras para chamada com vídeo FaceTime e gravação de vídeo em HD. Chip A5 dual core. Bateria com 10 horas de duração1. Mais de 200 recursos novos de software no iOS 5 e o iCloud.","Duas câmeras para chamada com vídeo FaceTime e gravação de vídeo em HD. Chip A5 dual core. Bateria com 10 horas de duração1. Mais de 200 recursos novos de software no iOS 5 e o iCloud. Tudo em uma estrutura incrivelmente fina e leve. É surpreendente como o iPad pode ser tão pequeno e ter tantas coisas.","KPZ8JhY4R2Y",False,23,0,True,0,0,6098,0,0,0,,,True,True,"TB0003_1_P.jpg","TB0003_1.jpg,TB0003_2.jpg","TB0003_1.jpg,TB0003_2.jpg","3418","1810","","","","","2492",0,,,"tablet",,0,0,,"","",0,0,,True,False,0,0,0,"",""
"A","Tablets",187354,"TB0005","Tablet Motorola Xoom MZ605 Preto e Cinza com Wi-Fi + 3G",0,"Chegou o novo MOTOROLA XOOM™ e a possibilidade de fazer o que quiser. Porque o sistema do XOOM é livre, como toda tecnologia deve ser.","Chegou o novo MOTOROLA XOOM™ e a possibilidade de fazer o que quiser. Porque o sistema do XOOM é livre, como toda tecnologia deve ser. Com ele você tem nas mãos um processador dual core para realizar tarefas simultâneas rapidamente, câmera frontal de 2MP e câmera traseira de 5MP para fotografar e filmar em HD. E você ainda conta com todos os serviços Google, como Google Maps, Google Talk, YouTube e Gmail.","73hcRSNF698",False,12,0,True,0,0,3398,0,0,0,,,True,True,"XOOM1_P.jpg","XOOM1.jpg,XOOM2.jpg,XOOM3.jpg,XOOM4.jpg","XOOM1.jpg,XOOM2.jpg,XOOM3.jpg,XOOM4.jpg","3425","1810","","","","","",0,,,"tablet",,0,0,,"","tablet, XOOM , motorola",0,0,,True,False,0,0,0,"",""
"A","Tablets",187330,"TB0002","Tablet Samsung Galaxy S G70 c/ 16GB, Câmera 3.2 MP, Wi-Fi, GPS, Bluetooth, Leitor de Cartão",0,"O Samsung Galaxy Tab 10.1 Wi-Fi vem com o sistema Android 3.1, que permite você personalizar seu tablet do seu jeito e baixar milhares de milhares de aplicativos e jogos.","O Samsung Galaxy Tab 10.1 Wi-Fi vem com o sistema Android 3.1, que permite você personalizar seu tablet do seu jeito e baixar milhares de milhares de aplicativos e jogos. Assista filmes em full HD em sua tela de 10.1” de alta resolução, grave vídeos em HD e tire fotos de altíssima qualidade com sua câmera 3.2 MP com flash. Realize mais tarefas ao mesmo tempo com alta performance com seu processador Dual Core 1.0 GHz de última geração, 1 GB de memória RAM e Internet rápida com Wi-Fi. O Samsung Galaxy Tab 10.1 Wi-Fi traz alta tecnologia e performance sem comprometer sua mobilidade, sendo o tablet mais fino (8.6 mm) e leve (565 g) da categoria.","1tnUdhbRORU",False,13,0,True,0,0,1718,0,0,0,,,True,True,"TB0001_1.jpg","TB0001_1.jpg,TB0001_2.jpg,TB0001_3.jpg,TB0001_4.jpg,TB0001_5.jpg","TB0001_1.jpg,TB0001_2.jpg,TB0001_3.jpg,TB0001_4.jpg,TB0001_5.jpg","3423","1809","","","","","2492",0,,,"tablet",,0,0,,"descrProds/Galaxy.htm","galaxy, tablet, samsung",0,0,,True,False,0,0,0,"",""
"A","Tablets",187326,"TB0001","Tablet Samsung Galaxy S G70 c/ 8GB, Câmera 3.2 MP, Wi-Fi, GPS, Bluetooth, Leitor de Cartão, Tela 5.0",0,"O Samsung Galaxy Tab 10.1 Wi-Fi vem com o sistema Android 3.1, que permite você personalizar seu tablet do seu jeito e baixar milhares de milhares de aplicativos e jogos.","O Samsung Galaxy Tab 10.1 Wi-Fi vem com o sistema Android 3.1, que permite você personalizar seu tablet do seu jeito e baixar milhares de milhares de aplicativos e jogos. Assista filmes em full HD em sua tela de 10.1” de alta resolução, grave vídeos em HD e tire fotos de altíssima qualidade com sua câmera 3.2 MP com flash. Realize mais tarefas ao mesmo tempo com alta performance com seu processador Dual Core 1.0 GHz de última geração, 1 GB de memória RAM e Internet rápida com Wi-Fi. O Samsung Galaxy Tab 10.1 Wi-Fi traz alta tecnologia e performance sem comprometer sua mobilidade, sendo o tablet mais fino (8.6 mm) e leve (565 g) da categoria.","1tnUdhbRORU",False,8,0,True,0,0,1718,1598,0,0,01/01/2001,12/12/2023,True,True,"TB0001_1.jpg","TB0001_1.jpg","TB0001_1.jpg,TB0001_2.jpg,TB0001_3.jpg,TB0001_4.jpg,TB0001_5.jpg","3423","1808","","","","","2492",0,,,"tablet",,0,0,,"descrProds/Galaxy.htm","galaxy, tablet, samsung",0,0,,True,False,0,0,0,"",""
"A","Teclados",187275,"AJ00001","10 Decisões & aspas"" intelige'ntes <oi>",100,"Descrição curta curta curta curta curta curta curta curta curta curta curta curta curta curta curta curta curta curta curta curta curta curta curta curta curta curta curta curta curta curta curta.","Descrição longa longa longa longa longa longa longa longa longa longa longa longa longa longa longa longa longa longa longa longa longa longa longa longa longa longa longa longa longa longa longa longa longa longa longa longa longa longa longa longa longa longa longa longa longa longa longa longa longa longa longa longa longa longa longa longa longa longa longa longa longa longa longa longa longa longa longa longa.","",False,10,0,True,0,0,100,90,0,0,01/01/2001,15/12/2015,False,False,"AJ00001_M.jpg","AJ00001_G.jpg","AJ00001_G.jpg","3414","1803","3126","opção do descritor 1,aaa","opção do descritor 2","opção do descritor 3","2485,2487,2489",0,,,"livro",,0,0,,"","palavra1,
palavra 2,
palavra 3",5,10,"0987654321234",True,False,0,0,0,"asdsadsdsdasd","0010910920922"
"A","Teclados",187304,"TE00001","Digital Media Pro Keyboard - USB",0.5,"Com esta inovação exclusiva, você consegue aumentar e reduzir fotos e documentos com o simples deslizar de uma alavanca. Chega de procurar em vários botões e perder tempo configurando porcentagens.","Com esta inovação exclusiva, você consegue aumentar e reduzir fotos e documentos com o simples deslizar de uma alavanca. Chega de procurar em vários botões e perder tempo configurando porcentagens.","",False,1469,0,True,0,0,476,0,0,0,,,False,False,"TE00001_M.jpg","TE00001_G.jpg","TE00001_G.jpg","3393",,,"","","",,0,,0,"",,0,0,,"","",0,10,,True,False,0,0,0,"",""
"A","Telefones com fio",187305,"TC00001","Telefone com Fio DB-835",0.5,"Telefone c/ Identificador de Chamadas Viva-Voz Calendário e Calculadora - DB 835","Telefone c/ Identificador de Chamadas Viva-Voz Calendário e Calculadora - DB 835","",False,9998,0,True,0,0,351.6,0,0,0,,,False,False,"TC00001_M.jpg","TC00001_G.jpg","TC00001_G.jpg","3422",,,"","","",,0,,0,"telefone",,0,0,,"","",0,10,,True,False,0,0,0,"",""
"A","Telefones com fio",187345,"TC00004","Telefone com Fio DB-849",0.5,"Telefone c/ Identificador de Chamadas Viva-Voz Calendário e Calculadora - DB 849","Telefone c/ Identificador de Chamadas Viva-Voz Calendário e Calculadora - DB 849","",False,9985,0,True,0,0,339.6,0,0,0,,,True,False,"TC00004_M.jpg","TC00004_G.jpg","TC00004_G.jpg","3422",,,"","","",,0,,0,"telefone",,0,0,,"","",0,10,,True,False,0,0,0,"",""
"A","Telefones com fio",187346,"TC00003","Telefone com Fio PLENO",0.5,"O Telefone PLENO chegou para levar a medalha de ouro. É resistente, prático e tem design moderno, totalmente brasileiro. Este nasceu para brilhar.","O Telefone PLENO chegou para levar a medalha de ouro. É resistente, prático e tem design moderno, totalmente brasileiro. Este nasceu para brilhar.","",False,9982,0,True,0,0,155.6,0,0,0,,,False,True,"TC00003_M.jpg","TC00003_G.jpg","TC00003_G.jpg","3421",,,"","","",,0,,0,"telefone",,0,0,,"","",0,10,,True,False,0,0,0,"",""
"A","Telefones com fio",187308,"TC00002","Telefone com Fio TC 500",0.5,"O TC 500 é um telefone com posição mesa e parede de 5 funções e design inovador.","O TC 500 é um telefone com posição mesa e parede de 5 funções e design inovador.","",False,6669,0,True,0,0,215.6,0,0,0,,,False,False,"TC00002_M.jpg","TC00002_G.jpg","TC00002_G.jpg","3421",,,"","","",,0,,0,"telefone",,0,0,,"","",0,10,,True,False,0,0,0,"",""
"A","Telefones sem fio",187309,"TS00004","Telefone s/ Fio DECT D30T",0.5,"Intelbras D30T é um telefone com tecnologia DECT, display iluminado, viva-voz no fone e sons polifônicos.","Intelbras D30T é um telefone com tecnologia DECT, display iluminado, viva-voz no fone e sons polifônicos.","",False,998,0,True,0,0,956,0,0,0,,,False,False,"TS00004_M.jpg","TS00004_G.jpg","TS00004_G.jpg","3421",,,"","","",,0,,0,"telefone",,0,0,,"","",0,10,,True,False,0,0,0,"",""
"A","Telefones sem fio",187310,"TS00001","Telefone s/Fio 1,9GHz",0.5,"Telefone sem fio digital expansível até 3 ramais com identificador de chamadas* e viva-voz.

O telefone sem fio digital CL6010 é perfeito para quem pretende fazer chamadas de modo confortável.","Telefone sem fio digital expansível até 3 ramais com identificador de chamadas* e viva-voz.

O telefone sem fio digital CL6010 é perfeito para quem pretende fazer chamadas de modo confortável.","",False,9975,0,True,0,0,1196,996,0,0,01/01/2008,01/01/2018,False,True,"TS00001_M.jpg","TS00001_G.jpg","TS00001_G.jpg","3420",,,"","","",,0,,0,"telefone",,0,0,,"","",0,10,,True,False,0,0,0,"",""
"A","Telefones sem fio",187311,"TS00002","Telefone sem Fio 5.8GHz",0.5,"Telefone sem fio 5.8 GHZ com sistema bubdle, identificador de chamadas expansíveis até 4 monofones.","Telefone sem fio 5.8 GHZ com sistema bubdle, identificador de chamadas expansíveis até 4 monofones.","",False,9997,0,True,0,0,1236,0,0,0,,,False,False,"TS00002_M.jpg","TS00002_G.jpg","TS00002_G.jpg","3429",,,"","","",,0,,0,"telefone",,0,0,,"","",0,10,,True,False,0,0,0,"",""
"A","Telefones sem fio",187312,"TS00003","VT10 c/ Id. de Chamadas",1,"Identificador de chamadas DTMF/FSK, Expansível Principal +3 ramais, Freqüência Dect 6.0, Chamadas entre Ramais.","Identificador de chamadas DTMF/FSK, Expansível Principal +3 ramais, Freqüência Dect 6.0, Chamadas entre Ramais.","",False,998,0,False,0,0,1076,956,0,0,01/01/2008,01/01/2018,True,False,"TS00003_M.jpg","TS00003_G.jpg","TS00003_G.jpg","3419","","","","","","",0,,,"telefone",,0,0,,"","",0,10,"",True,False,0,0,0,"",""
"A","TV LCD",187313,"TD00004","TV 32"" LCD Home Theater Integrado",5,"Nova Linha LCD BRAVIA Theater Integrado. Muito mais potência com 3.1 canais de áudio e subwoofer.","Nova Linha LCD BRAVIA Theater Integrado. Muito mais potência com 3.1 canais de áudio e subwoofer.","",False,9994,0,True,0,0,10796,0,0,0,,,False,False,"TD00004_M.jpg","TD00004_G.jpg","TD00004_G.jpg","3391",,,"","","",,0,,0,"televisor",,0,0,,"","",0,10,,True,False,0,0,0,"",""
"A","TV LCD",187314,"TD00001","TV 40'' LCD Full HD",0.5,"Full HD 1080p - As imagens tornam-se mais ricas e ganham mais vida no televisor com resolução 1920 x 1080pFull HD.","Full HD 1080p - As imagens tornam-se mais ricas e ganham mais vida no televisor com resolução 1920 x 1080pFull HD.","",False,155,0,True,0,0,19996,13120,0,0,01/01/2008,01/01/2018,False,False,"TD00001_M.jpg","TD00001_G.jpg","TD00001_G.jpg","3423",,,"","","",,0,,0,"televisor",,0,0,,"","",0,10,,True,False,0,0,0,"",""
"A","TV LCD",187315,"TD00002","TV 42'' LCD Full HD",0.5,"TV Digital com conversor integrado. Sintoniza os novos canais de TV Digital, sem precisar de um set-top-box separado!","TV Digital com conversor integrado. Sintoniza os novos canais de TV Digital, sem precisar de um set-top-box separado!","",False,6654,0,True,0,0,17996,0,0,0,,,True,False,"TD00002_M.jpg","TD00002_G.jpg","TD00002_G.jpg","3390",,,"","","",,0,,0,"televisor",,0,0,,"","",0,10,,True,False,0,0,0,"",""
"A","TV LCD",187316,"TD00003","TV 47'' LCD Full HD",3,"Fascinante. Inteligente. Conheça Scarlet. TV LCD de 47"" com design único e resolução Full HD.","Fascinante. Inteligente. Conheça Scarlet. TV LCD de 47"" com design único e resolução Full HD.","",False,146,0,True,0,0,31996,0,0,0,,,False,False,"TD00003_M.jpg","TD00003_G.jpg","TD00003_G.jpg","3390",,,"","","",,0,,0,"televisor",,0,0,,"","",0,10,,True,False,0,0,0,"",""
"A","TV LCD",187358,"TD00001","TV 52"" LCD Bravia Full HD",0,"TV de alta definição com mais de 2 milhões de pixels (Full HD 1920x1080 linhas) Ideal para sistema de transmissão digital de alta definição (maior nível de detalhes e melhor qualidade de imagem).","","",False,0,0,True,0,0,33996,0,0,0,,,False,True,"TD00005_M.jpg","TD00005_G.jpg","TD00005_G.jpg","3391",,,"","","",,0,,0,"tv lcd",,0,0,,"DescrTVSony.htm","",0,10,,True,False,0,0,0,"",""
"A","TV Tela Plana",187318,"TP00001","Televisor 29'' Ultra Slim Line com Crystal Clear",0.5,"Esta TV SlimLine usa um tubo CRT mais fino para um visual mais elegante e a tecnologia Active Control para fornecer sempre a melhor qualidade de imagem possível.","Esta TV SlimLine usa um tubo CRT mais fino para um visual mais elegante e a tecnologia Active Control para fornecer sempre a melhor qualidade de imagem possível.","",False,9990,0,True,0,0,3996,3196,0,0,01/01/2008,01/01/2018,False,False,"TP00001_M.jpg","TP00001_G.jpg","TP00001_G.jpg","3431",,,"","","",,0,,0,"televisor",,0,0,,"","",0,10,,True,False,0,0,0,"",""
"A","TV Tela Plana",187319,"TP00004","TV 21'' Tela Plana Flat Plus",0.5,"A TV 21'' Tela Plana Flat Plus traz à você tecnologia e design moderno para você não perder um segundo de sua programação.","A TV 21'' Tela Plana Flat Plus traz à você tecnologia e design moderno para você não perder um segundo de sua programação.","",False,992,0,True,0,0,1796,0,0,0,,,False,True,"TP00004_M.jpg","TP00004_G.jpg","TP00004_G.jpg","3405",,,"","","",,0,,0,"televisor",,0,0,,"","",0,10,,True,False,0,0,0,"",""
"A","TV Tela Plana",187359,"TP00003","TV 29'' Tela Plana Slim com Entrada USB",0.5,"Cinescópio Ultra Slim 29"" 
Tela 100% plana 
Diagonal visual: 67,6 cm 
Conexão USB: Músicas / Fotos / Vídeos 
Formato Tela: 4:3 
XD Engine: Chip de tratamento de Imagens","Cinescópio Ultra Slim 29"" 
Tela 100% plana 
Diagonal visual: 67,6 cm 
Conexão USB: Músicas / Fotos / Vídeos 
Formato Tela: 4:3 
XD Engine: Chip de tratamento de Imagens","",False,998,0,True,0,0,3876,0,0,0,,,False,False,"TP00003_M.jpg","TP00003_G.jpg","TP00003_G.jpg","3390",,,"","","",,0,,0,"televisor",,0,0,,"","",0,10,,True,False,0,0,0,"",""
"A","TV Tela Plana",187360,"TP00002","TV 29'' Tela Plana Slim Fit Closed Caption",0.5,"Televisor Estéreo de 29 polegadas SlimFit, o televisor Samsung de 29 é mais fino do que os televisores convencionais.","Televisor Estéreo de 29 polegadas SlimFit, o televisor Samsung de 29 é mais fino do que os televisores convencionais.","",False,9995,0,True,0,0,3396,0,0,0,,,False,False,"TP00002_M.jpg","TP00002_G.jpg","TP00002_G.jpg","3423",,,"","","",,0,,0,"televisor",,0,0,,"","",0,10,,True,False,0,0,0,"",""
"A","Umidificadores",187361,"UM00002","Umidificador e Ionizador Humid-Air Plus 3 Litros Azul - Bivolt",0.5,"Umidificador e Ionizador que produz névoa fria, ideal para ambientes com baixo teor de umidade. Purifica o ar por meio do seu sistema de ionização.

","Descrição: Umidificador e Ionizador que produz névoa fria, ideal para ambientes com baixo teor de umidade. Purifica o ar por meio do seu sistema de ionização.

O processo de reposição da umidade relativa do ar é extremamente importante nos períodos quentes, e mesmo em ambientes que extraiam essa umidade pelo resfriamento. É o caso de locais climatizados, com ar condicionado ligado: o ar torna-se seco, sem umidade, dificultando a respiração, e gerando problemas alérgicos. O nariz e garganta coçam e os olhos ficam irritados.

O Humid Air Plus utiliza um oscilador de alta freqüência para quebrar a água em minúsculas partículas, emitindo então uma finíssima névoa no ambiente, por meio do sistema de ventilação: isso é o processo ultra-sônico.

Certificações:

ISO 9001:2000

ISO 13.485:2003

CE Mark

Inmetro

MS


Única empresa do segmento de inaladores e umidificadores com a tecnologia Microban.
","",False,550,0,True,0,0,1076,796,0,0,01/01/2001,10/10/2010,False,True,"UM00002_M.jpg","UM00002_G.jpg","UM00002_G.jpg","3402",,,"","","",,0,,0,"Umidificador",,0,0,,"","",0,10,,True,False,0,0,0,"",""
"A","Umidificadores",187348,"UM00004","Umidificador e Ionizador Relax Medic - 1,3 Litros Bivolt",0.5,"Exclusivo sistema de pré aquecimentos para a eliminação de germes e bactérias. 
Produz uma neblina fina, que aumenta ao nível de umidade e melhora a qualidade do ar. 
","Exclusivo sistema de pré aquecimentos para a eliminação de germes e bactérias. 
Produz uma neblina fina, que aumenta ao nível de umidade e melhora a qualidade do ar. 
Funciona por até 30 horas seguidas. 
Possui três recursos extras: relógio, temporizador e alarme. 
Baixo consumo de energia. 
É silencioso e compacto. 
Incrível jogo de luzes. 
Capacidade de água: 1,3 litros.","",False,853,0,True,0,0,1079.6,0,0,0,,,True,False,"UM00004_M.jpg","UM00004_G.jpg","UM00004_G.jpg","3404",,,"","","",,0,,0,"Umidificador",,0,0,,"","",0,10,,True,False,0,0,0,"",""
"A","Umidificadores",187349,"UM00001","Umidificador Ultra Sônico AMB - WaterClear Premium",0.5,"Umidificador Waterclear Premium - Repõe a umidade e qualidade do ar, 3,6l para 16 horas de uso direto c/ desligamento automático, direcionadores de névoa, bivolt automático.","Umidificador Waterclear Premium - Repõe a umidade e qualidade do ar, 3,6l para 16 horas de uso direto c/ desligamento automático, direcionadores de névoa, bivolt automático.Design moderno, portátil e de alto desempenho! 


Voltagem: bivolt automático 
Acionamento por botão digital 
Três intensidades de névoa (Mínimo, médio e máx. Turbo) 
Permite de 8 a 16 horas de funcionamento ininterrupto 
Dois direcionadores de névoa (horizontal e vertical) 
Método de Nebulização: Cavitação por ultra-som 
Capacidade: Até 3,6 litros 
","",False,94,0,True,0,0,1156,1076,0,0,01/01/2001,10/10/2010,False,True,"UM00001_M.jpg","UM00001_G.jpg","UM00001_G.jpg","3401",,,"","","",,0,,0,"Umidificador",,0,0,,"","",0,10,,True,False,0,0,0,"",""
"A","Umidificadores",187350,"UM00003","Umidificador Ultra-Sônico c/ Ionizador 3,5L - G-Tech",0.5,"O umidificador G-tech allergy free 3,5 litros, é indicado para ambientes de baixa umidade, poluídos ou onde se faz uso constante de ar condicionado.","O umidificador G-tech allergy free 3,5 litros, é indicado para ambientes de baixa umidade, poluídos ou onde se faz uso constante de ar condicionado. Ele produz um fina névoa que contribui para equilibrar e diminuir os efeitos da baixa umidade, como olhos e narinas ressecados. 

Possui sistema de ionização que purifica o ar e junto com a fina névoa contribui para a sensação de frescor no ambiente. O reservatório de 3,5 litros o torna compacto e tem capacidade para até 23 horas de funcionamento ininterrupto. 


Tempo de funcionamento: até 23 horas de funcionamento ininterrupto 
Capacidade de água no reservatório: 3,5 L -Portátil 

Atenção! Verifique a voltagem do produto ao colocá-lo no carrinho, antes de finalizar seu pedido","",False,999,0,True,0,0,771.6,0,0,0,,,False,False,"UM00003_M.jpg","UM00003_G.jpg","UM00003_G.jpg","3403",,,"","","",,0,,0,"Umidificador",,0,0,,"","",0,10,,True,False,0,0,0,"",""
